SET FOREIGN_KEY_CHECKS = 0;

INSERT INTO `ls_coupon`(`id`, `sn`, `name`, `money`, `condition_type`, `condition_money`, `send_total_type`, `send_total`, `use_time_type`, `use_time_start`, `use_time_end`, `use_time`, `get_type`, `get_num_type`, `get_num`, `use_goods_type`, `use_goods_ids`, `status`, `create_time`, `update_time`, `delete_time`) VALUES (1, 'DHZW79835624', '新会员专享', 2.00, 1, 0, 1, 0, 2, 0, 0, 5, 1, 2, 1, 1, '', 2, 1631783110, 1631783131, NULL);

UPDATE `ls_decorate_theme_page` SET `theme_id` = 1, `name` = '商城首页', `is_home` = 1, `type` = 1, `content` = '[{\"title\":\"搜索框\",\"name\":\"search\",\"show\":1,\"content\":{\"text\":\"请输入关键字搜索\"},\"styles\":{\"text_align\":\"left\",\"border_radius\":40,\"root_bg_color\":\"\",\"bg_color\":\"#FFFFFF\",\"icon_color\":\"#999999\",\"color\":\"#999999\",\"padding_top\":12,\"padding_horizontal\":15,\"padding_bottom\":12}},{\"title\":\"轮播图\",\"name\":\"banner\",\"show\":1,\"content\":{\"data\":[{\"url\":\"resource/image/adminapi/theme/home/image1.png\",\"link\":{\"index\":2,\"name\":\"商品分类\",\"path\":\"/pages/category/category\",\"params\":[],\"type\":\"shop\"}},{\"url\":\"resource/image/adminapi/theme/home/image2.png\",\"link\":{\"index\":2,\"name\":\"商品分类\",\"path\":\"/pages/category/category\",\"params\":[],\"type\":\"shop\"}},{\"url\":\"uploads/images/20210916173936fac9c2778.jpeg\",\"link\":{\"index\":2,\"name\":\"商品分类\",\"path\":\"/pages/category/category\",\"params\":[],\"type\":\"shop\"}},{\"url\":\"uploads/images/20210916173936112c28898.jpeg\",\"link\":{\"index\":2,\"name\":\"商品分类\",\"path\":\"/pages/category/category\",\"params\":[],\"type\":\"shop\"}}]},\"styles\":{\"root_bg_color\":\"rgba(0,0,0,0)\",\"border_radius\":6,\"indicator_style\":2,\"indicator_align\":\"center\",\"indicator_color\":\"#FF2C3C\",\"padding_top\":0,\"padding_horizontal\":10,\"padding_bottom\":0}},{\"title\":\"菜单导航\",\"name\":\"navigation\",\"show\":1,\"content\":{\"style\":1,\"data\":[{\"url\":\"uploads/images/20210916171151509889256.png\",\"name\":\"热销榜单\",\"link\":{\"path\":\"/pages/page/page\",\"name\":\"微页面\",\"params\":{\"id\":4,\"name\":\"热销榜单\"},\"type\":\"page\"}},{\"url\":\"resource/image/adminapi/theme/home/newproduct.png\",\"name\":\"新品推荐\",\"link\":{\"path\":\"/pages/page/page\",\"name\":\"微页面\",\"params\":{\"id\":3,\"name\":\"新品推荐\"},\"type\":\"page\"}},{\"url\":\"resource/image/adminapi/theme/home/coupon.png\",\"name\":\"领卷中心\",\"link\":{\"index\":12,\"name\":\"领券中心\",\"path\":\"/bundle/pages/coupon_get/coupon_get\",\"params\":[],\"type\":\"shop\"}},{\"url\":\"resource/image/adminapi/theme/home/wellat.png\",\"name\":\"我的钱包\",\"link\":{\"index\":13,\"name\":\"我的钱包\",\"path\":\"/bundle/pages/user_wallet/user_wallet\",\"params\":[],\"type\":\"shop\"}},{\"url\":\"resource/image/adminapi/theme/home/news.png\",\"name\":\"商城公告\",\"link\":{\"index\":16,\"name\":\"商城公告\",\"path\":\"/bundle/pages/store_notice/store_notice\",\"params\":[],\"type\":\"shop\"}},{\"url\":\"/resource/image/adminapi/theme/home/address.png\",\"name\":\"收货地址\",\"link\":{\"index\":7,\"name\":\"收货地址\",\"path\":\"/pages/address/address\",\"params\":[],\"type\":\"shop\"}},{\"url\":\"resource/image/adminapi/theme/home/collect.png\",\"name\":\"我的收藏\",\"link\":{\"index\":15,\"name\":\"我的收藏\",\"path\":\"/bundle/pages/goods_collects/goods_collects\",\"params\":[],\"type\":\"shop\"}},{\"url\":\"resource/image/adminapi/theme/home/category.png\",\"name\":\"商品分类\",\"link\":{\"index\":2,\"name\":\"商品分类\",\"path\":\"/pages/category/category\",\"params\":[],\"type\":\"shop\"}}]},\"styles\":{\"nav_style\":1,\"nav_line\":2,\"nav_line_num\":4,\"indicator_style\":1,\"indicator_color\":\"#FF2C3C\",\"bg_color\":\"#FFFFFF\",\"root_bg_color\":\"\",\"color\":\"#333333\",\"padding_top\":10,\"padding_horizontal\":10,\"padding_bottom\":0,\"border_radius_top\":6,\"border_radius_bottom\":6}},{\"title\":\"公告\",\"name\":\"notice\",\"show\":1,\"content\":{\"icon\":\"\",\"icon_type\":1,\"show_tag\":1,\"num\":5,\"data\":[]},\"styles\":{\"root_bg_color\":\"\",\"bg_color\":\"#FFFFFF\",\"border_radius\":6,\"line_color\":\"#E5E5E5\",\"color\":\"#333333\",\"padding_top\":10,\"padding_horizontal\":10,\"padding_bottom\":0}},{\"title\":\"图片魔方\",\"name\":\"rubik\",\"show\":1,\"content\":{\"style\":3,\"data\":[{\"url\":\"resource/image/adminapi/theme/home/cube1.png\",\"link\":{\"path\":\"/pages/page/page\",\"name\":\"微页面\",\"params\":{\"id\":6,\"name\":\"每日特价\"},\"type\":\"page\"}},{\"url\":\"resource/image/adminapi/theme/home/cube2.png\",\"link\":{\"path\":\"/pages/page/page\",\"name\":\"微页面\",\"params\":{\"id\":67,\"name\":\"新人专区\"},\"type\":\"page\"}},{\"url\":\"resource/image/adminapi/theme/home/cube3.png\",\"link\":{\"path\":\"/pages/page/page\",\"name\":\"微页面\",\"params\":{\"id\":3,\"name\":\"新品首发\"},\"type\":\"page\"}}]},\"styles\":{\"border_radius\":0,\"root_bg_color\":\"\",\"line_color\":\"#e5e5e5\",\"font_color\":\"#333\",\"padding_top\":10,\"padding_horizontal\":10,\"padding_bottom\":10,\"margin\":10}},{\"title\":\"标题\",\"name\":\"title\",\"show\":1,\"content\":{\"style\":2,\"title\":\"新品首发\",\"subtitle\":\"最新单品来袭\",\"hidden_subtitle\":0,\"show_more\":1,\"more_title\":\"更多\",\"link\":{\"path\":\"/pages/page/page\",\"name\":\"微页面\",\"params\":{\"id\":3,\"name\":\"新品推荐\"},\"type\":\"page\"}},\"styles\":{\"root_bg_color\":null,\"bg_color\":null,\"title_color\":\"#333333\",\"title_font_size\":18,\"subtitle_color\":\"#999999\",\"subtitle_font_size\":12,\"more_color\":\"#999999\",\"padding_top\":0,\"padding_horizontal\":0,\"padding_bottom\":0}},{\"title\":\"商品组\",\"name\":\"goodsgroup\",\"show\":1,\"content\":{\"style\":4,\"goods_type\":1,\"show_title\":1,\"show_price\":1,\"show_scribing_price\":1,\"show_btn\":1,\"btn_text\":\"购买\",\"btn_bg_type\":1,\"category\":{\"id\":\"\",\"name\":\"\",\"num\":1,\"number\":1},\"data\":[{\"id\":5,\"name\":\"CONVERSE匡威官方 Chuck 70时尚拼接撞色帆布鞋高帮休闲鞋171124C\",\"image\":\"http://b2cplustemp.yixiangonline.com/uploads/images/20210916155139ff7af9881.jpg\",\"sales_num\":456,\"sell_price\":\"459.00\",\"lineation_price\":\"649.00\"},{\"id\":4,\"name\":\"夏季配吊带裙子的外搭雪纺小披肩女2020短款百搭坎肩防晒开衫上衣\",\"image\":\"http://b2cplustemp.yixiangonline.com/uploads/images/202109161603224f9f14741.jpg\",\"sales_num\":69,\"sell_price\":\"26.00\",\"lineation_price\":\"79.00\"},{\"id\":2,\"name\":\"灰色百褶裙女半身裙短裙夏季2021新款高腰显瘦春秋a字裙包臀裙子\",\"image\":\"http://b2cplustemp.yixiangonline.com/uploads/images/20210916155139eef983146.jpg\",\"sales_num\":239,\"sell_price\":\"49.00\",\"lineation_price\":\"70.00\"},{\"id\":3,\"name\":\"纯欲风甜辣妹短款外套女装春秋季薄款百搭2021新款外搭小开衫上衣\",\"image\":\"http://b2cplustemp.yixiangonline.com/uploads/images/20210916155724c7c957880.jpg\",\"sales_num\":29,\"sell_price\":\"39.00\",\"lineation_price\":\"69.00\"},{\"id\":1,\"name\":\"沙滩裙女海边度假裙ins超火三亚旅游衣服出游拍照超仙红色连衣裙\",\"image\":\"http://b2cplustemp.yixiangonline.com/uploads/images/2021091615355078f3b4231.jpg\",\"sales_num\":139,\"sell_price\":\"169.88\",\"lineation_price\":\"269.99\"}]},\"styles\":{\"title_color\":\"#101010\",\"scribing_price_color\":\"#999999\",\"price_color\":\"#FF2C3C\",\"btn_bg_color\":\"#FF2C3C\",\"btn_color\":\"#FFFFFF\",\"btn_border_radius\":30,\"btn_border_color\":\"\",\"root_bg_color\":\"\",\"bg_color\":\"#FFFFFF\",\"margin\":10,\"padding_top\":0,\"padding_horizontal\":10,\"padding_bottom\":10,\"border_radius_top\":4,\"border_radius_bottom\":4}},{\"title\":\"标题\",\"name\":\"title\",\"show\":1,\"content\":{\"style\":2,\"title\":\"热销榜单\",\"subtitle\":\"火爆商品热销中\",\"hidden_subtitle\":0,\"show_more\":1,\"more_title\":\"更多\",\"link\":{\"path\":\"/pages/page/page\",\"name\":\"微页面\",\"params\":{\"id\":4,\"name\":\"热销榜单\"},\"type\":\"page\"}},\"styles\":{\"root_bg_color\":null,\"bg_color\":null,\"title_color\":\"#333333\",\"title_font_size\":18,\"subtitle_color\":\"#999999\",\"subtitle_font_size\":12,\"more_color\":\"#999999\",\"padding_top\":0,\"padding_horizontal\":0,\"padding_bottom\":0}},{\"title\":\"商品组\",\"name\":\"goodsgroup\",\"show\":1,\"content\":{\"style\":3,\"goods_type\":1,\"show_title\":1,\"show_price\":1,\"show_scribing_price\":1,\"show_btn\":1,\"btn_text\":\"购买\",\"btn_bg_type\":1,\"category\":{\"id\":\"\",\"name\":\"\",\"num\":1,\"number\":1},\"data\":[{\"id\":7,\"name\":\"卡通T恤男夏季上衣男生短袖简约百搭嘻哈潮牌半袖潮流ins宽松体恤\",\"image\":\"http://b2cplustemp.yixiangonline.com/uploads/images/2021091616260051af23757.jpg\",\"sales_num\":69,\"sell_price\":\"87.00\",\"lineation_price\":\"128.00\"},{\"id\":8,\"name\":\"夏季短袖t恤男潮牌宽松港风半袖上衣休闲ins潮流百搭简约大码体恤\",\"image\":\"http://b2cplustemp.yixiangonline.com/uploads/images/20210916163036cd93a0955.jpg\",\"sales_num\":13,\"sell_price\":\"38.00\",\"lineation_price\":\"58.00\"},{\"id\":4,\"name\":\"夏季配吊带裙子的外搭雪纺小披肩女2020短款百搭坎肩防晒开衫上衣\",\"image\":\"http://b2cplustemp.yixiangonline.com/uploads/images/202109161603224f9f14741.jpg\",\"sales_num\":69,\"sell_price\":\"26.00\",\"lineation_price\":\"79.00\"},{\"id\":6,\"name\":\"明星同款帆布鞋女鞋夏季厚底增高STAR匡威1970s高帮鞋女松糕板鞋\",\"image\":\"http://b2cplustemp.yixiangonline.com/uploads/images/20210916162021e9a985454.jpg\",\"sales_num\":179,\"sell_price\":\"169.00\",\"lineation_price\":\"369.00\"},{\"id\":5,\"name\":\"CONVERSE匡威官方 Chuck 70时尚拼接撞色帆布鞋高帮休闲鞋171124C\",\"image\":\"http://b2cplustemp.yixiangonline.com/uploads/images/20210916155139ff7af9881.jpg\",\"sales_num\":456,\"sell_price\":\"459.00\",\"lineation_price\":\"649.00\"}]},\"styles\":{\"title_color\":\"#101010\",\"scribing_price_color\":\"#999999\",\"price_color\":\"#FF2C3C\",\"btn_bg_color\":\"#FF2C3C\",\"btn_color\":\"#FFFFFF\",\"btn_border_radius\":30,\"btn_border_color\":\"\",\"root_bg_color\":\"\",\"bg_color\":\"#FFFFFF\",\"margin\":10,\"padding_top\":10,\"padding_horizontal\":15,\"padding_bottom\":10,\"border_radius_top\":4,\"border_radius_bottom\":4}},{\"title\":\"选项卡\",\"name\":\"tabs\",\"show\":1,\"content\":{\"active\":4,\"show_line\":1,\"has_active_bg\":0,\"data\":[{\"name\":\"新人福利\",\"style\":2,\"goods_type\":1,\"show_title\":1,\"show_price\":1,\"show_scribing_price\":1,\"show_btn\":1,\"btn_text\":\"购买\",\"btn_bg_type\":1,\"category\":{\"id\":\"\",\"name\":\"\",\"number\":1},\"data\":[{\"id\":8,\"name\":\"夏季短袖t恤男潮牌宽松港风半袖上衣休闲ins潮流百搭简约大码体恤\",\"image\":\"http://b2cplustemp.yixiangonline.com/uploads/images/20210916163036cd93a0955.jpg\",\"sales_num\":13,\"sell_price\":\"38.00\",\"lineation_price\":\"58.00\"},{\"id\":4,\"name\":\"夏季配吊带裙子的外搭雪纺小披肩女2020短款百搭坎肩防晒开衫上衣\",\"image\":\"http://b2cplustemp.yixiangonline.com/uploads/images/202109161603224f9f14741.jpg\",\"sales_num\":69,\"sell_price\":\"26.00\",\"lineation_price\":\"79.00\"},{\"id\":2,\"name\":\"灰色百褶裙女半身裙短裙夏季2021新款高腰显瘦春秋a字裙包臀裙子\",\"image\":\"http://b2cplustemp.yixiangonline.com/uploads/images/20210916155139eef983146.jpg\",\"sales_num\":239,\"sell_price\":\"49.00\",\"lineation_price\":\"70.00\"},{\"id\":6,\"name\":\"明星同款帆布鞋女鞋夏季厚底增高STAR匡威1970s高帮鞋女松糕板鞋\",\"image\":\"http://b2cplustemp.yixiangonline.com/uploads/images/20210916162021e9a985454.jpg\",\"sales_num\":179,\"sell_price\":\"169.00\",\"lineation_price\":\"369.00\"}],\"title_color\":\"#101010\",\"scribing_price_color\":\"#999999\",\"price_color\":\"#FF2C3C\",\"btn_bg_color\":\"#FF2C3C\",\"btn_color\":\"#FFFFFF\",\"btn_border_radius\":30,\"btn_border_color\":\"\",\"root_bg_color\":\"\",\"bg_color\":\"#FFFFFF\",\"margin\":10,\"padding_top\":10,\"padding_horizontal\":10,\"padding_bottom\":10,\"border_radius_top\":4,\"border_radius_bottom\":4},{\"name\":\"精选商品\",\"style\":2,\"goods_type\":1,\"show_title\":1,\"show_price\":1,\"show_scribing_price\":1,\"show_btn\":1,\"btn_text\":\"购买\",\"btn_bg_type\":1,\"category\":{\"id\":\"\",\"name\":\"\",\"number\":1},\"title_color\":\"#101010\",\"scribing_price_color\":\"#999999\",\"price_color\":\"#FF2C3C\",\"btn_bg_color\":\"#FF2C3C\",\"btn_color\":\"#FFFFFF\",\"btn_border_radius\":30,\"btn_border_color\":\"\",\"root_bg_color\":\"\",\"bg_color\":\"#FFFFFF\",\"margin\":10,\"padding_top\":10,\"padding_horizontal\":0,\"padding_bottom\":10,\"border_radius_top\":5,\"border_radius_bottom\":5,\"data\":[{\"id\":7,\"name\":\"卡通T恤男夏季上衣男生短袖简约百搭嘻哈潮牌半袖潮流ins宽松体恤\",\"image\":\"http://b2cplustemp.yixiangonline.com/uploads/images/2021091616260051af23757.jpg\",\"sales_num\":69,\"sell_price\":\"87.00\",\"lineation_price\":\"128.00\"},{\"id\":5,\"name\":\"CONVERSE匡威官方 Chuck 70时尚拼接撞色帆布鞋高帮休闲鞋171124C\",\"image\":\"http://b2cplustemp.yixiangonline.com/uploads/images/20210916155139ff7af9881.jpg\",\"sales_num\":456,\"sell_price\":\"459.00\",\"lineation_price\":\"649.00\"},{\"id\":3,\"name\":\"纯欲风甜辣妹短款外套女装春秋季薄款百搭2021新款外搭小开衫上衣\",\"image\":\"http://b2cplustemp.yixiangonline.com/uploads/images/20210916155724c7c957880.jpg\",\"sales_num\":29,\"sell_price\":\"39.00\",\"lineation_price\":\"69.00\"},{\"id\":1,\"name\":\"沙滩裙女海边度假裙ins超火三亚旅游衣服出游拍照超仙红色连衣裙\",\"image\":\"http://b2cplustemp.yixiangonline.com/uploads/images/2021091615355078f3b4231.jpg\",\"sales_num\":139,\"sell_price\":\"169.88\",\"lineation_price\":\"269.99\"}]},{\"name\":\"海外专区\",\"style\":2,\"goods_type\":1,\"show_title\":1,\"show_price\":1,\"show_scribing_price\":1,\"show_btn\":1,\"btn_text\":\"购买\",\"btn_bg_type\":1,\"category\":{\"id\":\"\",\"name\":\"\",\"number\":1},\"data\":[{\"id\":6,\"name\":\"明星同款帆布鞋女鞋夏季厚底增高STAR匡威1970s高帮鞋女松糕板鞋\",\"image\":\"http://b2cplustemp.yixiangonline.com/uploads/images/20210916162021e9a985454.jpg\",\"sales_num\":179,\"sell_price\":\"169.00\",\"lineation_price\":\"369.00\"},{\"id\":4,\"name\":\"夏季配吊带裙子的外搭雪纺小披肩女2020短款百搭坎肩防晒开衫上衣\",\"image\":\"http://b2cplustemp.yixiangonline.com/uploads/images/202109161603224f9f14741.jpg\",\"sales_num\":69,\"sell_price\":\"26.00\",\"lineation_price\":\"79.00\"},{\"id\":2,\"name\":\"灰色百褶裙女半身裙短裙夏季2021新款高腰显瘦春秋a字裙包臀裙子\",\"image\":\"http://b2cplustemp.yixiangonline.com/uploads/images/20210916155139eef983146.jpg\",\"sales_num\":239,\"sell_price\":\"49.00\",\"lineation_price\":\"70.00\"},{\"id\":1,\"name\":\"沙滩裙女海边度假裙ins超火三亚旅游衣服出游拍照超仙红色连衣裙\",\"image\":\"http://b2cplustemp.yixiangonline.com/uploads/images/2021091615355078f3b4231.jpg\",\"sales_num\":139,\"sell_price\":\"169.88\",\"lineation_price\":\"269.99\"}],\"title_color\":\"#101010\",\"scribing_price_color\":\"#999999\",\"price_color\":\"#FF2C3C\",\"btn_bg_color\":\"#FF2C3C\",\"btn_color\":\"#FFFFFF\",\"btn_border_radius\":30,\"btn_border_color\":\"\",\"root_bg_color\":\"\",\"bg_color\":\"#FFFFFF\",\"margin\":10,\"padding_top\":10,\"padding_horizontal\":10,\"padding_bottom\":10,\"border_radius_top\":4,\"border_radius_bottom\":4},{\"name\":\"优选好物\",\"style\":2,\"goods_type\":1,\"show_title\":1,\"show_price\":1,\"show_scribing_price\":1,\"show_btn\":1,\"btn_text\":\"购买\",\"btn_bg_type\":1,\"category\":{\"id\":\"\",\"name\":\"\",\"number\":1},\"data\":[{\"id\":1,\"name\":\"沙滩裙女海边度假裙ins超火三亚旅游衣服出游拍照超仙红色连衣裙\",\"image\":\"http://b2cplustemp.yixiangonline.com/uploads/images/2021091615355078f3b4231.jpg\",\"sales_num\":139,\"sell_price\":\"169.88\",\"lineation_price\":\"269.99\"},{\"id\":2,\"name\":\"灰色百褶裙女半身裙短裙夏季2021新款高腰显瘦春秋a字裙包臀裙子\",\"image\":\"http://b2cplustemp.yixiangonline.com/uploads/images/20210916155139eef983146.jpg\",\"sales_num\":239,\"sell_price\":\"49.00\",\"lineation_price\":\"70.00\"},{\"id\":5,\"name\":\"CONVERSE匡威官方 Chuck 70时尚拼接撞色帆布鞋高帮休闲鞋171124C\",\"image\":\"http://b2cplustemp.yixiangonline.com/uploads/images/20210916155139ff7af9881.jpg\",\"sales_num\":456,\"sell_price\":\"459.00\",\"lineation_price\":\"649.00\"},{\"id\":7,\"name\":\"卡通T恤男夏季上衣男生短袖简约百搭嘻哈潮牌半袖潮流ins宽松体恤\",\"image\":\"http://b2cplustemp.yixiangonline.com/uploads/images/2021091616260051af23757.jpg\",\"sales_num\":69,\"sell_price\":\"87.00\",\"lineation_price\":\"128.00\"}],\"title_color\":\"#101010\",\"scribing_price_color\":\"#999999\",\"price_color\":\"#FF2C3C\",\"btn_bg_color\":\"#FF2C3C\",\"btn_color\":\"#FFFFFF\",\"btn_border_radius\":30,\"btn_border_color\":\"\",\"root_bg_color\":\"\",\"bg_color\":\"#FFFFFF\",\"margin\":10,\"padding_top\":10,\"padding_horizontal\":10,\"padding_bottom\":10,\"border_radius_top\":4,\"border_radius_bottom\":4},{\"name\":\"时尚单品\",\"style\":2,\"goods_type\":1,\"show_title\":1,\"show_price\":1,\"show_scribing_price\":1,\"show_btn\":1,\"btn_text\":\"购买\",\"btn_bg_type\":1,\"category\":{\"id\":\"\",\"name\":\"\",\"number\":1},\"data\":[{\"id\":4,\"name\":\"夏季配吊带裙子的外搭雪纺小披肩女2020短款百搭坎肩防晒开衫上衣\",\"image\":\"http://b2cplustemp.yixiangonline.com/uploads/images/202109161603224f9f14741.jpg\",\"sales_num\":69,\"sell_price\":\"26.00\",\"lineation_price\":\"79.00\"},{\"id\":2,\"name\":\"灰色百褶裙女半身裙短裙夏季2021新款高腰显瘦春秋a字裙包臀裙子\",\"image\":\"http://b2cplustemp.yixiangonline.com/uploads/images/20210916155139eef983146.jpg\",\"sales_num\":239,\"sell_price\":\"49.00\",\"lineation_price\":\"70.00\"},{\"id\":8,\"name\":\"夏季短袖t恤男潮牌宽松港风半袖上衣休闲ins潮流百搭简约大码体恤\",\"image\":\"http://b2cplustemp.yixiangonline.com/uploads/images/20210916163036cd93a0955.jpg\",\"sales_num\":13,\"sell_price\":\"38.00\",\"lineation_price\":\"58.00\"},{\"id\":5,\"name\":\"CONVERSE匡威官方 Chuck 70时尚拼接撞色帆布鞋高帮休闲鞋171124C\",\"image\":\"http://b2cplustemp.yixiangonline.com/uploads/images/20210916155139ff7af9881.jpg\",\"sales_num\":456,\"sell_price\":\"459.00\",\"lineation_price\":\"649.00\"}],\"title_color\":\"#101010\",\"scribing_price_color\":\"#999999\",\"price_color\":\"#FF2C3C\",\"btn_bg_color\":\"#FF2C3C\",\"btn_color\":\"#FFFFFF\",\"btn_border_radius\":30,\"btn_border_color\":\"\",\"root_bg_color\":\"\",\"bg_color\":\"#FFFFFF\",\"margin\":10,\"padding_top\":10,\"padding_horizontal\":10,\"padding_bottom\":10,\"border_radius_top\":4,\"border_radius_bottom\":4}]},\"styles\":{\"root_bg_color\":\"\",\"bg_color\":null,\"color\":\"#101010\",\"active_color\":\"#FF2C3C\",\"line_color\":\"#FF2C3C\",\"active_bg_color\":\"\",\"padding\":10,\"padding_top\":0,\"padding_horizontal\":0,\"padding_bottom\":0,\"border_radius_top\":0,\"border_radius_bottom\":0}}]', `common` = '{\"title\":\"\\u9996\\u9875\",\"background_type\":\"2\",\"bg_color\":\"#F5F5F5\",\"background_image\":\"https:\\/\\/likeshopb2cv3.yixiangonline.com\\/uploads\\/images\\/202109131143157e72d3618.jpeg\",\"background_color\":\"#FFFFFF\"}', `create_time` = 1631673826, `update_time` = 1631787676, `delete_time` = NULL WHERE `id` = 1;

UPDATE `ls_decorate_theme_page` SET `theme_id` = 1, `name` = '默认页面2', `is_home` = 0, `type` = 1, `content` = '[{\"title\":\"轮播图\",\"name\":\"banner\",\"show\":1,\"content\":{\"data\":[{\"url\":\"uploads/images/20210915194912cd1e85770.png\",\"link\":[]}]},\"styles\":{\"root_bg_color\":\"rgba(0,0,0,0)\",\"border_radius\":0,\"indicator_style\":2,\"indicator_align\":\"center\",\"indicator_color\":\"#FF2C3C\",\"padding_top\":0,\"padding_horizontal\":0,\"padding_bottom\":0}},{\"title\":\"菜单导航\",\"name\":\"navigation\",\"show\":1,\"content\":{\"style\":1,\"data\":[{\"url\":\"\",\"name\":\"口红\",\"link\":[]},{\"url\":\"\",\"name\":\"面膜\",\"link\":[]},{\"url\":\"\",\"name\":\"精华\",\"link\":[]},{\"url\":\"\",\"name\":\"香水\",\"link\":[]},{\"url\":\"\",\"name\":\"粉底\",\"link\":[]}]},\"styles\":{\"nav_style\":1,\"nav_line\":2,\"nav_line_num\":5,\"indicator_style\":1,\"indicator_color\":\"#FF2C3C\",\"bg_color\":\"#FFFFFF\",\"root_bg_color\":\"\",\"color\":\"#333333\",\"padding_top\":10,\"padding_horizontal\":10,\"padding_bottom\":0,\"border_radius_top\":0,\"border_radius_bottom\":0}}]', `common` = '{\"title\":\"\\u5fae\\u9875\\u9762\",\"background_type\":\"1\",\"background_color\":\"#FFEBD7\",\"background_image\":\"https:\\/\\/likeshopb2cv3.yixiangonline.com\\/uploads\\/images\\/202109131143157e72d3618.jpeg\"}', `create_time` = 1631695737, `update_time` = 1631785690, `delete_time` = 1631785690 WHERE `id` = 2;

UPDATE `ls_decorate_theme_page` SET `theme_id` = 1, `name` = '新品首发', `is_home` = 0, `type` = 1, `content` = '[{\"title\":\"轮播图\",\"name\":\"banner\",\"show\":1,\"content\":{\"data\":[{\"url\":\"uploads/images/20210916173936625cb6915.jpeg\",\"link\":[]},{\"url\":\"uploads/images/20210916173936d89765306.jpeg\",\"link\":[]}]},\"styles\":{\"root_bg_color\":\"rgba(0,0,0,0)\",\"border_radius\":0,\"indicator_style\":2,\"indicator_align\":\"center\",\"indicator_color\":\"#FF2C3C\",\"padding_top\":0,\"padding_horizontal\":0,\"padding_bottom\":0}},{\"title\":\"商品组\",\"name\":\"goodsgroup\",\"show\":1,\"content\":{\"style\":2,\"goods_type\":1,\"show_title\":1,\"show_price\":1,\"show_scribing_price\":1,\"show_btn\":1,\"btn_text\":\"购买\",\"btn_bg_type\":1,\"category\":{\"id\":\"\",\"name\":\"\",\"num\":1,\"number\":1},\"data\":[{\"id\":8,\"name\":\"夏季短袖t恤男潮牌宽松港风半袖上衣休闲ins潮流百搭简约大码体恤\",\"image\":\"http://b2cplustemp.yixiangonline.com/uploads/images/20210916163036cd93a0955.jpg\",\"sales_num\":13,\"sell_price\":\"38.00\",\"lineation_price\":\"58.00\"},{\"id\":7,\"name\":\"卡通T恤男夏季上衣男生短袖简约百搭嘻哈潮牌半袖潮流ins宽松体恤\",\"image\":\"http://b2cplustemp.yixiangonline.com/uploads/images/2021091616260051af23757.jpg\",\"sales_num\":69,\"sell_price\":\"87.00\",\"lineation_price\":\"128.00\"},{\"id\":6,\"name\":\"明星同款帆布鞋女鞋夏季厚底增高STAR匡威1970s高帮鞋女松糕板鞋\",\"image\":\"http://b2cplustemp.yixiangonline.com/uploads/images/20210916162021e9a985454.jpg\",\"sales_num\":179,\"sell_price\":\"169.00\",\"lineation_price\":\"369.00\"},{\"id\":5,\"name\":\"CONVERSE匡威官方 Chuck 70时尚拼接撞色帆布鞋高帮休闲鞋171124C\",\"image\":\"http://b2cplustemp.yixiangonline.com/uploads/images/20210916155139ff7af9881.jpg\",\"sales_num\":456,\"sell_price\":\"459.00\",\"lineation_price\":\"649.00\"},{\"id\":4,\"name\":\"夏季配吊带裙子的外搭雪纺小披肩女2020短款百搭坎肩防晒开衫上衣\",\"image\":\"http://b2cplustemp.yixiangonline.com/uploads/images/202109161603224f9f14741.jpg\",\"sales_num\":69,\"sell_price\":\"26.00\",\"lineation_price\":\"79.00\"},{\"id\":3,\"name\":\"纯欲风甜辣妹短款外套女装春秋季薄款百搭2021新款外搭小开衫上衣\",\"image\":\"http://b2cplustemp.yixiangonline.com/uploads/images/20210916155724c7c957880.jpg\",\"sales_num\":29,\"sell_price\":\"39.00\",\"lineation_price\":\"69.00\"},{\"id\":2,\"name\":\"灰色百褶裙女半身裙短裙夏季2021新款高腰显瘦春秋a字裙包臀裙子\",\"image\":\"http://b2cplustemp.yixiangonline.com/uploads/images/20210916155139eef983146.jpg\",\"sales_num\":239,\"sell_price\":\"49.00\",\"lineation_price\":\"70.00\"},{\"id\":1,\"name\":\"沙滩裙女海边度假裙ins超火三亚旅游衣服出游拍照超仙红色连衣裙\",\"image\":\"http://b2cplustemp.yixiangonline.com/uploads/images/2021091615355078f3b4231.jpg\",\"sales_num\":139,\"sell_price\":\"169.88\",\"lineation_price\":\"269.99\"}]},\"styles\":{\"title_color\":\"#101010\",\"scribing_price_color\":\"#999999\",\"price_color\":\"#FF2C3C\",\"btn_bg_color\":\"#FF2C3C\",\"btn_color\":\"#FFFFFF\",\"btn_border_radius\":30,\"btn_border_color\":\"\",\"root_bg_color\":\"\",\"bg_color\":\"#FFFFFF\",\"margin\":10,\"padding_top\":10,\"padding_horizontal\":10,\"padding_bottom\":10,\"border_radius_top\":4,\"border_radius_bottom\":4}}]', `common` = '{\"title\":\"\\u65b0\\u54c1\\u9996\\u53d1\",\"background_type\":\"0\",\"background_color\":\"#F5F5F5\",\"background_image\":\"\"}', `create_time` = 1631697005, `update_time` = 1631785745, `delete_time` = NULL WHERE `id` = 3;

UPDATE `ls_decorate_theme_page` SET `theme_id` = 1, `name` = '热销榜单', `is_home` = 0, `type` = 1, `content` = '[{\"title\":\"轮播图\",\"name\":\"banner\",\"show\":1,\"content\":{\"data\":[{\"url\":\"uploads/images/20210916174730af8ae0532.jpg\",\"link\":[]}]},\"styles\":{\"root_bg_color\":\"rgba(0,0,0,0)\",\"border_radius\":0,\"indicator_style\":2,\"indicator_align\":\"center\",\"indicator_color\":\"#FF2C3C\",\"padding_top\":0,\"padding_horizontal\":0,\"padding_bottom\":0}},{\"title\":\"标题\",\"name\":\"title\",\"show\":1,\"content\":{\"style\":1,\"title\":\"TOP美妆热销榜\",\"subtitle\":\"副标题\",\"hidden_subtitle\":1,\"show_more\":1,\"more_title\":\"更多\",\"link\":[]},\"styles\":{\"root_bg_color\":\"\",\"bg_color\":\"#F5F5F5\",\"title_color\":\"#333333\",\"title_font_size\":18,\"subtitle_color\":\"#999999\",\"subtitle_font_size\":12,\"more_color\":\"#999999\",\"padding_top\":10,\"padding_horizontal\":0,\"padding_bottom\":0}},{\"title\":\"商品组\",\"name\":\"goodsgroup\",\"show\":1,\"content\":{\"style\":4,\"goods_type\":1,\"show_title\":1,\"show_price\":1,\"show_scribing_price\":1,\"show_btn\":1,\"btn_text\":\"购买\",\"btn_bg_type\":1,\"category\":{\"id\":\"\",\"name\":\"\",\"num\":1,\"number\":1},\"data\":[{\"id\":8,\"name\":\"夏季短袖t恤男潮牌宽松港风半袖上衣休闲ins潮流百搭简约大码体恤\",\"image\":\"http://b2cplustemp.yixiangonline.com/uploads/images/20210916163036cd93a0955.jpg\",\"sales_num\":13,\"sell_price\":\"38.00\",\"lineation_price\":\"58.00\"},{\"id\":7,\"name\":\"卡通T恤男夏季上衣男生短袖简约百搭嘻哈潮牌半袖潮流ins宽松体恤\",\"image\":\"http://b2cplustemp.yixiangonline.com/uploads/images/2021091616260051af23757.jpg\",\"sales_num\":69,\"sell_price\":\"87.00\",\"lineation_price\":\"128.00\"},{\"id\":4,\"name\":\"夏季配吊带裙子的外搭雪纺小披肩女2020短款百搭坎肩防晒开衫上衣\",\"image\":\"http://b2cplustemp.yixiangonline.com/uploads/images/202109161603224f9f14741.jpg\",\"sales_num\":69,\"sell_price\":\"26.00\",\"lineation_price\":\"79.00\"},{\"id\":3,\"name\":\"纯欲风甜辣妹短款外套女装春秋季薄款百搭2021新款外搭小开衫上衣\",\"image\":\"http://b2cplustemp.yixiangonline.com/uploads/images/20210916155724c7c957880.jpg\",\"sales_num\":29,\"sell_price\":\"39.00\",\"lineation_price\":\"69.00\"}]},\"styles\":{\"title_color\":\"#101010\",\"scribing_price_color\":\"#999999\",\"price_color\":\"#FF2C3C\",\"btn_bg_color\":\"#FF2C3C\",\"btn_color\":\"#FFFFFF\",\"btn_border_radius\":30,\"btn_border_color\":\"\",\"root_bg_color\":\"\",\"bg_color\":\"#FFFFFF\",\"margin\":10,\"padding_top\":0,\"padding_horizontal\":10,\"padding_bottom\":10,\"border_radius_top\":4,\"border_radius_bottom\":4}},{\"title\":\"标题\",\"name\":\"title\",\"show\":1,\"content\":{\"style\":1,\"title\":\"TOP鞋子热销榜\",\"subtitle\":\"副标题\",\"hidden_subtitle\":1,\"show_more\":1,\"more_title\":\"更多\",\"link\":[]},\"styles\":{\"root_bg_color\":\"\",\"bg_color\":null,\"title_color\":\"#333333\",\"title_font_size\":18,\"subtitle_color\":\"#999999\",\"subtitle_font_size\":12,\"more_color\":\"#999999\",\"padding_top\":10,\"padding_horizontal\":10,\"padding_bottom\":0}},{\"title\":\"商品组\",\"name\":\"goodsgroup\",\"show\":1,\"content\":{\"style\":4,\"goods_type\":1,\"show_title\":1,\"show_price\":1,\"show_scribing_price\":1,\"show_btn\":1,\"btn_text\":\"购买\",\"btn_bg_type\":1,\"category\":{\"id\":\"\",\"name\":\"\",\"num\":1,\"number\":1},\"data\":[{\"id\":6,\"name\":\"明星同款帆布鞋女鞋夏季厚底增高STAR匡威1970s高帮鞋女松糕板鞋\",\"image\":\"http://b2cplustemp.yixiangonline.com/uploads/images/20210916162021e9a985454.jpg\",\"sales_num\":179,\"sell_price\":\"169.00\",\"lineation_price\":\"369.00\"},{\"id\":5,\"name\":\"CONVERSE匡威官方 Chuck 70时尚拼接撞色帆布鞋高帮休闲鞋171124C\",\"image\":\"http://b2cplustemp.yixiangonline.com/uploads/images/20210916155139ff7af9881.jpg\",\"sales_num\":456,\"sell_price\":\"459.00\",\"lineation_price\":\"649.00\"}]},\"styles\":{\"title_color\":\"#101010\",\"scribing_price_color\":\"#999999\",\"price_color\":\"#FF2C3C\",\"btn_bg_color\":\"#FF2C3C\",\"btn_color\":\"#FFFFFF\",\"btn_border_radius\":30,\"btn_border_color\":\"\",\"root_bg_color\":\"\",\"bg_color\":\"#FFFFFF\",\"margin\":10,\"padding_top\":0,\"padding_horizontal\":10,\"padding_bottom\":10,\"border_radius_top\":4,\"border_radius_bottom\":4}}]', `common` = '{\"title\":\"\\u70ed\\u9500\\u699c\\u5355\",\"background_type\":\"0\",\"bg_color\":\"#F5F5F5\",\"background_image\":\"\",\"background_color\":\"#C40909\"}', `create_time` = 1631697033, `update_time` = 1631787664, `delete_time` = NULL WHERE `id` = 4;

UPDATE `ls_decorate_theme_page` SET `theme_id` = 1, `name` = '默认页面64', `is_home` = 0, `type` = 1, `content` = '[{\"title\":\"\\u641c\\u7d22\\u6846\",\"name\":\"search\",\"show\":\"1\",\"content\":{\"text\":\"\\u8bf7\\u8f93\\u5165\\u5173\\u952e\\u5b57\\u641c\\u7d22\"},\"styles\":{\"text_align\":\"left\",\"border_style\":\"2\",\"background_color\":\"rgba(188, 151, 151, 1)\",\"input_background_color\":\"#FFFFFF\",\"icon_color\":\"#999999\",\"text_color\":\"#999999\",\"padding_vertical\":\"12\",\"padding_horizontal\":\"15\",\"margin_top\":\"0\"}},{\"title\":\"\\u8f6e\\u64ad\\u56fe\",\"name\":\"banner\",\"show\":\"1\",\"content\":[],\"styles\":{\"border_radius\":\"0\",\"indicator_style\":\"2\",\"indicator_align\":\"center\",\"indicator_color\":\"#FF2C3C\",\"padding_vertical\":\"0\",\"padding_horizontal\":\"0\",\"margin_top\":\"10\"}},{\"title\":\"\\u56fe\\u6587\\u5bfc\\u822a\",\"name\":\"navigation\",\"show\":\"1\",\"content\":[{\"url\":\"\",\"name\":\"\\u5bfc\\u822a\",\"link\":[]},{\"url\":\"\",\"name\":\"\\u5bfc\\u822a\",\"link\":[]},{\"url\":\"\",\"name\":\"\\u5bfc\\u822a\",\"link\":[]},{\"url\":\"\",\"name\":\"\\u5bfc\\u822a\",\"link\":[]}],\"styles\":{\"style\":\"1\",\"nav_style\":\"1\",\"nav_line\":\"2\",\"nav_line_num\":\"4\",\"indicator_style\":\"1\",\"indicator_color\":\"#FF2C3C\",\"background_color\":\"#FFFFFF\",\"text_color\":\"#333333\",\"padding_vertical\":\"0\",\"padding_horizontal\":\"0\",\"margin_top\":\"10\"}},{\"title\":\"\\u6807\\u9898\",\"name\":\"title\",\"show\":\"1\",\"content\":{\"style\":\"1\",\"title\":\"\\u4e3b\\u6807\\u9898\",\"subtitle\":\"\\u526f\\u6807\\u9898\",\"hidden_subtitle\":\"0\",\"show_more\":\"1\",\"more_title\":\"\\u66f4\\u591a\",\"more_link\":[]},\"styles\":{\"title_color\":\"#333333\",\"title_font_size\":\"14\",\"subtitle_color\":\"#999999\",\"subtitle_font_size\":\"12\",\"more_color\":\"#999999\",\"padding_vertical\":\"12\",\"padding_horizontal\":\"15\",\"background_color\":\"#F5F5F5\",\"margin_top\":\"0\"}}]', `common` = '{\"title\":\"\\u5fae\\u9875\\u9762\",\"background_type\":\"0\",\"background_color\":\"#F5F5F5\",\"background_image\":\"\"}', `create_time` = 1631704362, `update_time` = 1631785696, `delete_time` = 1631785696 WHERE `id` = 5;

UPDATE `ls_decorate_theme_page` SET `theme_id` = 1, `name` = '每日特价', `is_home` = 0, `type` = 1, `content` = '[{\"title\":\"轮播图\",\"name\":\"banner\",\"show\":1,\"content\":{\"data\":[{\"url\":\"uploads/images/20210916173936fac9c2778.jpeg\",\"link\":{}},{\"url\":\"uploads/images/20210916173936764067426.png\",\"link\":{}}]},\"styles\":{\"root_bg_color\":\"rgba(0,0,0,0)\",\"border_radius\":0,\"indicator_style\":2,\"indicator_align\":\"center\",\"indicator_color\":\"#FF2C3C\",\"padding_top\":0,\"padding_horizontal\":0,\"padding_bottom\":0}},{\"title\":\"优惠券\",\"name\":\"coupon\",\"show\":1,\"content\":{\"style\":1,\"title\":\"超值优惠券\",\"bg_type\":1,\"data\":[{\"id\":1,\"name\":\"新会员专享\",\"is_receive\":0,\"is_available\":1,\"use_type\":\"全场通用\",\"money\":\"2.00\",\"discount_content\":\"无门槛, 减2.00元\",\"condition\":\"无金额门槛\"}]},\"styles\":{\"root_bg_color\":\"#A20606\",\"bg_color\":\"#FCE7E7\",\"bg_image\":\"\",\"text_color\":\"#FF2C3C\",\"btn_bg_color\":\"#FF2C3C\",\"btn_text_color\":\"#FFFFFF\",\"padding_top\":10,\"padding_horizontal\":10,\"padding_bottom\":10,\"money_color\":\"#FF2C3C\",\"condition_color\":\"#333333\",\"scene_color\":\"#999999\"}},{\"title\":\"商品组\",\"name\":\"goodsgroup\",\"show\":1,\"content\":{\"style\":2,\"goods_type\":1,\"show_title\":1,\"show_price\":1,\"show_scribing_price\":1,\"show_btn\":1,\"btn_text\":\"购买\",\"btn_bg_type\":1,\"category\":{\"id\":\"\",\"name\":\"\",\"num\":1,\"number\":1},\"data\":[{\"id\":5,\"name\":\"CONVERSE匡威官方 Chuck 70时尚拼接撞色帆布鞋高帮休闲鞋171124C\",\"image\":\"http://b2cplustemp.yixiangonline.com/uploads/images/20210916155139ff7af9881.jpg\",\"sales_num\":456,\"sell_price\":\"459.00\",\"lineation_price\":\"649.00\"},{\"id\":4,\"name\":\"夏季配吊带裙子的外搭雪纺小披肩女2020短款百搭坎肩防晒开衫上衣\",\"image\":\"http://b2cplustemp.yixiangonline.com/uploads/images/202109161603224f9f14741.jpg\",\"sales_num\":69,\"sell_price\":\"26.00\",\"lineation_price\":\"79.00\"},{\"id\":3,\"name\":\"纯欲风甜辣妹短款外套女装春秋季薄款百搭2021新款外搭小开衫上衣\",\"image\":\"http://b2cplustemp.yixiangonline.com/uploads/images/20210916155724c7c957880.jpg\",\"sales_num\":29,\"sell_price\":\"39.00\",\"lineation_price\":\"69.00\"},{\"id\":2,\"name\":\"灰色百褶裙女半身裙短裙夏季2021新款高腰显瘦春秋a字裙包臀裙子\",\"image\":\"http://b2cplustemp.yixiangonline.com/uploads/images/20210916155139eef983146.jpg\",\"sales_num\":239,\"sell_price\":\"49.00\",\"lineation_price\":\"70.00\"},{\"id\":1,\"name\":\"沙滩裙女海边度假裙ins超火三亚旅游衣服出游拍照超仙红色连衣裙\",\"image\":\"http://b2cplustemp.yixiangonline.com/uploads/images/2021091615355078f3b4231.jpg\",\"sales_num\":139,\"sell_price\":\"169.88\",\"lineation_price\":\"269.99\"},{\"id\":7,\"name\":\"卡通T恤男夏季上衣男生短袖简约百搭嘻哈潮牌半袖潮流ins宽松体恤\",\"image\":\"http://b2cplustemp.yixiangonline.com/uploads/images/2021091616260051af23757.jpg\",\"sales_num\":69,\"sell_price\":\"87.00\",\"lineation_price\":\"128.00\"}]},\"styles\":{\"title_color\":\"#101010\",\"scribing_price_color\":\"#999999\",\"price_color\":\"#FF2C3C\",\"btn_bg_color\":\"#FF2C3C\",\"btn_color\":\"#FFFFFF\",\"btn_border_radius\":30,\"btn_border_color\":\"\",\"root_bg_color\":\"\",\"bg_color\":\"#FFFFFF\",\"margin\":10,\"padding_top\":10,\"padding_horizontal\":10,\"padding_bottom\":10,\"border_radius_top\":4,\"border_radius_bottom\":4}}]', `common` = '{\"title\":\"\\u6bcf\\u65e5\\u7279\\u4ef7\",\"background_type\":\"1\",\"background_color\":\"#9F161C\",\"background_image\":\"\"}', `create_time` = 1631704431, `update_time` = 1631785439, `delete_time` = NULL WHERE `id` = 6;

UPDATE `ls_decorate_theme_page` SET `theme_id` = 1, `name` = '中秋模版', `is_home` = 0, `type` = 1, `content` = '[{\"title\":\"图片魔方\",\"name\":\"rubik\",\"show\":1,\"content\":{\"style\":1,\"data\":[{\"url\":\"uploads/images/202109151925163111b9457.png\",\"link\":[]}]},\"styles\":{\"border_radius\":0,\"root_bg_color\":\"\",\"line_color\":\"#e5e5e5\",\"font_color\":\"#333\",\"padding_top\":0,\"padding_horizontal\":0,\"padding_bottom\":0,\"margin\":0}},{\"title\":\"优惠券\",\"name\":\"coupon\",\"show\":1,\"content\":{\"style\":3,\"title\":\"超值优惠券\",\"bg_type\":2,\"data\":[{\"id\":11,\"name\":\"21321\",\"is_receive\":0,\"is_available\":0,\"use_type\":\"指定商品可用\",\"money\":\"123.00\",\"discount_content\":\"无门槛, 减123.00元\",\"condition\":\"无金额门槛\"},{\"id\":10,\"name\":\"饭桶\",\"is_receive\":0,\"is_available\":0,\"use_type\":\"指定商品可用\",\"money\":\"1000.00\",\"discount_content\":\"无门槛, 减1000.00元\",\"condition\":\"无金额门槛\"},{\"id\":5,\"name\":\"帅比专属优惠券\",\"is_receive\":0,\"is_available\":1,\"use_type\":\"指定商品可用\",\"money\":\"100.00\",\"discount_content\":\"无门槛, 减100.00元\",\"condition\":\"无金额门槛\"},{\"id\":7,\"name\":\"美女专属优惠券\",\"is_receive\":0,\"is_available\":1,\"use_type\":\"指定商品可用\",\"money\":\"0.01\",\"discount_content\":\"订单满222元, 减0.01元\",\"condition\":\"满222使用\"}]},\"styles\":{\"root_bg_color\":\"\",\"bg_color\":\"#FFF6E2\",\"bg_image\":\"\",\"text_color\":\"#FF2C3C\",\"btn_bg_color\":\"#FF2C3C\",\"btn_text_color\":\"#FFFFFF\",\"padding_top\":10,\"padding_horizontal\":0,\"padding_bottom\":10,\"money_color\":\"#FF2C3C\",\"condition_color\":\"#333333\",\"scene_color\":\"#999999\"}},{\"title\":\"图片魔方\",\"name\":\"rubik\",\"show\":1,\"content\":{\"style\":1,\"data\":[{\"url\":\"uploads/images/20210915175149207ec4762.png\",\"link\":[]}]},\"styles\":{\"border_radius\":0,\"root_bg_color\":\"\",\"line_color\":\"#e5e5e5\",\"font_color\":\"#333\",\"padding_top\":15,\"padding_horizontal\":0,\"padding_bottom\":10,\"margin\":0}},{\"title\":\"图片魔方\",\"name\":\"rubik\",\"show\":1,\"content\":{\"style\":1,\"data\":[{\"url\":\"uploads/images/20210915175149360077365.png\",\"link\":[]}]},\"styles\":{\"border_radius\":0,\"root_bg_color\":\"\",\"line_color\":\"#e5e5e5\",\"font_color\":\"#333\",\"padding_top\":0,\"padding_horizontal\":0,\"padding_bottom\":0,\"margin\":0}},{\"title\":\"图片魔方\",\"name\":\"rubik\",\"show\":1,\"content\":{\"style\":1,\"data\":[{\"url\":\"uploads/images/2021091517514933f192395.png\",\"link\":[]}]},\"styles\":{\"border_radius\":0,\"root_bg_color\":\"\",\"line_color\":\"#e5e5e5\",\"font_color\":\"#333\",\"padding_top\":0,\"padding_horizontal\":0,\"padding_bottom\":0,\"margin\":0}},{\"title\":\"图片魔方\",\"name\":\"rubik\",\"show\":1,\"content\":{\"style\":1,\"data\":[{\"url\":\"uploads/images/20210915175149417c39366.png\",\"link\":[]}]},\"styles\":{\"border_radius\":0,\"root_bg_color\":\"\",\"line_color\":\"#e5e5e5\",\"font_color\":\"#333\",\"padding_top\":0,\"padding_horizontal\":0,\"padding_bottom\":0}},{\"title\":\"图片魔方\",\"name\":\"rubik\",\"show\":1,\"content\":{\"style\":1,\"data\":[{\"url\":\"uploads/images/202109151751490eb5f7530.png\",\"link\":[]}]},\"styles\":{\"border_radius\":0,\"root_bg_color\":\"\",\"line_color\":\"#e5e5e5\",\"font_color\":\"#333\",\"padding_top\":0,\"padding_horizontal\":0,\"padding_bottom\":0,\"margin\":0}},{\"title\":\"图片魔方\",\"name\":\"rubik\",\"show\":1,\"content\":{\"style\":1,\"data\":[{\"url\":\"uploads/images/20210915175441bfe269201.png\",\"link\":[]}]},\"styles\":{\"border_radius\":0,\"root_bg_color\":\"\",\"line_color\":\"#e5e5e5\",\"font_color\":\"#333\",\"padding_top\":15,\"padding_horizontal\":0,\"padding_bottom\":10,\"margin\":0}},{\"title\":\"商品组\",\"name\":\"goodsgroup\",\"show\":1,\"content\":{\"style\":2,\"goods_type\":1,\"show_title\":1,\"show_price\":1,\"show_scribing_price\":1,\"show_btn\":1,\"btn_text\":\"购买\",\"btn_bg_type\":1,\"category\":{\"name\":\"\",\"id\":\"\",\"number\":6},\"data\":[]},\"styles\":{\"title_color\":\"#101010\",\"scribing_price_color\":\"#999999\",\"price_color\":\"#FF2C3C\",\"btn_bg_color\":\"#FF2C3C\",\"btn_color\":\"#FFFFFF\",\"btn_border_radius\":30,\"btn_border_color\":\"\",\"root_bg_color\":\"\",\"bg_color\":\"#FFFFFF\",\"margin\":10,\"padding_top\":10,\"padding_horizontal\":10,\"padding_bottom\":10,\"border_radius_top\":4,\"border_radius_bottom\":4}}]', `common` = '{\"title\":\"\\u5fae\\u9875\\u9762\",\"background_type\":\"1\",\"background_color\":\"#B4231F\",\"background_image\":\"https:\\/\\/likeshopb2cv3.yixiangonline.com\\/uploads\\/images\\/202109151737448f16d5127.png\"}', `create_time` = 1631670905, `update_time` = 1631785767, `delete_time` = 1631785767 WHERE `id` = 7;

UPDATE `ls_decorate_theme_page` SET `theme_id` = 1, `name` = '中秋模版2', `is_home` = 0, `type` = 1, `content` = '[{\"title\":\"图片魔方\",\"name\":\"rubik\",\"show\":1,\"content\":{\"style\":1,\"data\":[{\"url\":\"uploads/images/20210915151818a456e0980.png\",\"link\":[]}]},\"styles\":{\"border_radius\":0,\"root_bg_color\":\"\",\"line_color\":\"#e5e5e5\",\"font_color\":\"#333\",\"padding_top\":0,\"padding_horizontal\":0,\"padding_bottom\":0,\"margin\":0}},{\"title\":\"菜单导航\",\"name\":\"navigation\",\"show\":1,\"content\":{\"style\":1,\"data\":[{\"url\":\"uploads/images/202109151525034ebaa4035.png\",\"name\":\"领券中心\",\"link\":[]},{\"url\":\"uploads/images/20210915152503caf3f2585.png\",\"name\":\"限时秒杀\",\"link\":[]},{\"url\":\"uploads/images/2021091515250360cd67800.png\",\"name\":\"多人拼团\",\"link\":[]},{\"url\":\"uploads/images/20210915152502f5f3b0588.png\",\"name\":\"帮助文档\",\"link\":[]},{\"url\":\"uploads/images/20210915152503bf3e60842.png\",\"name\":\"商城资讯\",\"link\":[]}]},\"styles\":{\"nav_style\":1,\"nav_line\":1,\"nav_line_num\":5,\"indicator_style\":1,\"indicator_color\":\"#FF2C3C\",\"bg_color\":null,\"root_bg_color\":\"\",\"color\":\"#FFFFFF\",\"padding_top\":0,\"padding_horizontal\":10,\"padding_bottom\":0,\"border_radius_top\":0,\"border_radius_bottom\":0}},{\"title\":\"优惠券\",\"name\":\"coupon\",\"show\":1,\"content\":{\"style\":1,\"title\":\"超值优惠券\",\"bg_type\":2,\"data\":[{\"id\":8,\"name\":\"饭桶才能领取\",\"is_receive\":0,\"is_available\":0,\"use_type\":\"指定商品可用\",\"money\":\"0.10\",\"discount_content\":\"无门槛, 减0.10元\",\"condition\":\"无金额门槛\"},{\"id\":7,\"name\":\"美女专属优惠券\",\"is_receive\":0,\"is_available\":1,\"use_type\":\"指定商品可用\",\"money\":\"0.01\",\"discount_content\":\"订单满222元, 减0.01元\",\"condition\":\"满222使用\"}]},\"styles\":{\"root_bg_color\":\"#164147\",\"bg_color\":\"#266748\",\"bg_image\":\"\",\"text_color\":\"#FFFFFF\",\"btn_bg_color\":\"#16574B\",\"btn_text_color\":\"#FFFFFF\",\"padding_top\":10,\"padding_horizontal\":10,\"padding_bottom\":10,\"money_color\":\"#FF2C3C\",\"condition_color\":\"#333333\",\"scene_color\":\"#999999\"}},{\"title\":\"标题\",\"name\":\"title\",\"show\":1,\"content\":{\"style\":2,\"title\":\"主标题\",\"subtitle\":\"副标题\",\"hidden_subtitle\":0,\"show_more\":1,\"more_title\":\"更多\",\"link\":{}},\"styles\":{\"root_bg_color\":\"\",\"bg_color\":null,\"title_color\":\"#FFFFFF\",\"title_font_size\":14,\"subtitle_color\":\"#999999\",\"subtitle_font_size\":12,\"more_color\":\"#999999\",\"padding_top\":0,\"padding_horizontal\":0,\"padding_bottom\":0}},{\"title\":\"商品组\",\"name\":\"goodsgroup\",\"show\":1,\"content\":{\"style\":3,\"goods_type\":1,\"show_title\":1,\"show_price\":1,\"show_scribing_price\":1,\"show_btn\":1,\"btn_text\":\"购买\",\"btn_bg_type\":1,\"category\":{\"id\":\"\",\"name\":\"\",\"num\":1,\"number\":1},\"data\":[]},\"styles\":{\"title_color\":\"#101010\",\"scribing_price_color\":\"#999999\",\"price_color\":\"#FF2C3C\",\"btn_bg_color\":\"#FF2C3C\",\"btn_color\":\"#FFFFFF\",\"btn_border_radius\":30,\"btn_border_color\":\"\",\"root_bg_color\":\"\",\"bg_color\":\"#FFFFFF\",\"margin\":10,\"padding_top\":10,\"padding_horizontal\":10,\"padding_bottom\":10,\"border_radius_top\":4,\"border_radius_bottom\":4}}]', `common` = '{\"title\":\"\\u4e2d\\u79cb\\u6a21\\u7248\",\"background_type\":\"1\",\"background_color\":\"#164147\",\"background_image\":\"https:\\/\\/likeshopb2cv3.yixiangonline.com\\/uploads\\/images\\/20210915145413f8f976803.png\"}', `create_time` = 1631670870, `update_time` = 1631785778, `delete_time` = 1631785778 WHERE `id` = 8;

UPDATE `ls_decorate_theme_page` SET `theme_id` = 1, `name` = '商品分类', `is_home` = 0, `type` = 2, `content` = '[{\"title\":\"搜索框\",\"name\":\"search\",\"show\":1,\"content\":{\"text\":\"请输入关键字搜索\"},\"styles\":{\"text_align\":\"left\",\"border_radius\":40,\"root_background_color\":\"rgba(255, 255, 255, 1)\",\"background_color\":\"rgba(245, 245, 245, 1)\",\"icon_color\":\"#999999\",\"text_color\":\"#999999\",\"padding_top\":10,\"padding_horizontal\":15,\"padding_bottom\":10,\"root_bg_color\":\"#FFFFFF\",\"bg_color\":\"#F5F5F5\",\"color\":\"#999999\"}},{\"title\":\"商品分类\",\"name\":\"category\",\"show\":1,\"content\":{\"data\":[{\"url\":\"https://likeshopb2cv3.yixiangonline.com/uploads/images/20210902160217d19245631.png\",\"link\":{\"index\":4,\"name\":\"个人中心\",\"path\":\"/pages/user/user\",\"params\":[],\"type\":\"shop\"}}],\"style\":7},\"styles\":{\"border_radius\":10}}]', `common` = '{\"title\":\"\\u5206\\u7c7b\",\"background_type\":\"0\",\"background_color\":\"#F5F5F5\",\"background_image\":\"\",\"bg_color\":\"rgba(63, 245, 215, 1)\"}', `create_time` = 1628562010, `update_time` = 1631757617, `delete_time` = NULL WHERE `id` = 10;

UPDATE `ls_decorate_theme_page` SET `theme_id` = 1, `name` = '个人中心', `is_home` = 0, `type` = 3, `content` = '[{\"title\":\"会员信息\",\"name\":\"userinfo\",\"show\":1,\"content\":{\"style\":1,\"background_image\":\"\",\"background_type\":1,\"avatar_type\":1,\"avatar\":\"\",\"assets\":[2,1,4,3],\"show_user_sn\":1,\"show_member\":1},\"styles\":[]},{\"title\":\"我的订单\",\"name\":\"userorder\",\"show\":1,\"content\":{\"text\":\"我的订单\",\"pay_icon\":\"resource/image/adminapi/theme/centre/pay.png\",\"pay_name\":\"待付款\",\"delivery_icon\":\"resource/image/adminapi/theme/centre/deliver.png\",\"delivery_name\":\"待发货\",\"take_icon\":\"resource/image/adminapi/theme/centre/take.png\",\"take_name\":\"待收货\",\"comment_icon\":\"resource/image/adminapi/theme/centre/evaluate.png\",\"comment_name\":\"商品评价\",\"sale_icon\":\"resource/image/adminapi/theme/centre/aftersale.png\",\"sale_name\":\"售后\"},\"styles\":{\"root_bg_color\":\"\",\"bg_color\":\"#FFFFFF\",\"border_radius_top\":0,\"border_radius_bottom\":0,\"padding_top\":10,\"padding_horizontal\":0,\"padding_bottom\":0}},{\"title\":\"我的服务\",\"name\":\"userserve\",\"show\":1,\"content\":{\"text\":\"我的服务\",\"data\":[{\"url\":\"resource/image/adminapi/theme/centre/wallet.png\",\"name\":\"我的钱包\",\"link\":{\"index\":13,\"name\":\"我的钱包\",\"path\":\"/bundle/pages/user_wallet/user_wallet\",\"params\":[],\"type\":\"shop\"}},{\"url\":\"resource/image/adminapi/theme/centre/distribution.png\",\"name\":\"分销推广\",\"link\":{\"index\":17,\"name\":\"分销推广\",\"path\":\"/bundle/pages/user_spread/user_spread\",\"params\":[],\"type\":\"shop\"}},{\"url\":\"resource/image/adminapi/theme/centre/coupon.png\",\"name\":\"我的优惠券\",\"link\":{\"index\":11,\"name\":\"我的优惠券\",\"path\":\"/bundle/pages/coupon/coupon\",\"params\":[],\"type\":\"shop\"}},{\"url\":\"resource/image/adminapi/theme/centre/collect.png\",\"name\":\"我的收藏\",\"link\":{\"index\":15,\"name\":\"我的收藏\",\"path\":\"/bundle/pages/goods_collects/goods_collects\",\"params\":[],\"type\":\"shop\"}},{\"url\":\"resource/image/adminapi/theme/centre/address.png\",\"name\":\"收货地址\",\"link\":{\"index\":7,\"name\":\"收货地址\",\"path\":\"/pages/address/address\",\"params\":[],\"type\":\"shop\"}},{\"url\":\"resource/image/adminapi/theme/centre/userlevel.png\",\"name\":\"会员等级\",\"link\":{\"index\":9,\"name\":\"会员中心\",\"path\":\"/bundle/pages/user_vip/user_vip\",\"params\":[],\"type\":\"shop\"}},{\"url\":\"resource/image/adminapi/theme/centre/service.png\",\"name\":\"联系客服\",\"link\":{\"index\":9,\"name\":\"会员中心\",\"path\":\"/bundle/pages/user_vip/user_vip\",\"params\":[],\"type\":\"shop\"}},{\"url\":\"resource/image/adminapi/theme/centre/notice.png\",\"name\":\"消息中心\",\"link\":{\"index\":14,\"name\":\"消息中心\",\"path\":\"/bundle/pages/message_center/message_center\",\"params\":[],\"type\":\"shop\"}}]},\"styles\":{\"root_bg_color\":\"\",\"bg_color\":\"#FFFFFF\",\"border_radius_top\":0,\"border_radius_bottom\":0,\"padding_top\":10,\"padding_horizontal\":0,\"padding_bottom\":0}},{\"title\":\"为您推荐\",\"name\":\"goodsrecom\",\"show\":1,\"content\":{\"style\":2,\"header_title\":\"为您推荐\",\"show_title\":1,\"show_price\":1,\"show_scribing_price\":1,\"show_btn\":1,\"btn_text\":\"购买\",\"btn_bg_type\":1,\"data\":[],\"tips\":\"根据系统算法，推荐用户购买商品的同分类10款商品。优先推荐高销量且排序在前的商品。 如果用户没有购买商品，则按商品销量和排序进行推荐。\"},\"styles\":{\"header_title_color\":\"#333333\",\"header_title_size\":20,\"title_color\":\"#101010\",\"scribing_price_color\":\"#999999\",\"price_color\":\"#FF2C3C\",\"btn_bg_color\":\"#FF2C3C\",\"btn_color\":\"#FFFFFF\",\"btn_border_radius\":30,\"btn_border_color\":\"\",\"root_bg_color\":\"\",\"bg_color\":\"#FFFFFF\",\"margin\":10,\"padding_top\":10,\"padding_horizontal\":10,\"padding_bottom\":10,\"border_radius_top\":4,\"border_radius_bottom\":4,\"margin_top\":0}}]', `common` = '{\"title\":\"\\u4e2a\\u4eba\\u4e2d\\u5fc3\",\"background_type\":\"0\",\"bg_color\":\"#F5F5F5\",\"background_image\":\"\"}', `create_time` = 1628562010, `update_time` = 1631785902, `delete_time` = NULL WHERE `id` = 11;

UPDATE `ls_decorate_theme_page` SET `theme_id` = 1, `name` = '新人专区', `is_home` = 0, `type` = 1, `content` = '[{\"title\":\"轮播图\",\"name\":\"banner\",\"show\":1,\"content\":{\"data\":[{\"url\":\"uploads/images/20210916173936d89765306.jpeg\",\"link\":[]}]},\"styles\":{\"root_bg_color\":\"rgba(0,0,0,0)\",\"border_radius\":0,\"indicator_style\":1,\"indicator_align\":\"left\",\"indicator_color\":\"#FF2C3C\",\"padding_top\":0,\"padding_horizontal\":0,\"padding_bottom\":0}},{\"title\":\"选项卡\",\"name\":\"tabs\",\"show\":1,\"content\":{\"active\":2,\"show_line\":1,\"has_active_bg\":0,\"data\":[{\"name\":\"精选\",\"style\":2,\"goods_type\":1,\"show_title\":1,\"show_price\":1,\"show_scribing_price\":1,\"show_btn\":1,\"btn_text\":\"购买\",\"btn_bg_type\":1,\"category\":{\"id\":\"\",\"name\":\"\",\"number\":1},\"title_color\":\"#101010\",\"scribing_price_color\":\"#999999\",\"price_color\":\"#FF2C3C\",\"btn_bg_color\":\"#FF2C3C\",\"btn_color\":\"#FFFFFF\",\"btn_border_radius\":30,\"btn_border_color\":\"\",\"root_bg_color\":\"\",\"bg_color\":\"#FFFFFF\",\"margin\":10,\"padding_top\":10,\"padding_horizontal\":10,\"padding_bottom\":10,\"border_radius_top\":4,\"border_radius_bottom\":4,\"data\":[{\"id\":5,\"name\":\"CONVERSE匡威官方 Chuck 70时尚拼接撞色帆布鞋高帮休闲鞋171124C\",\"image\":\"uploads/images/20210916155139ff7af9881.jpg\",\"total_stock\":828,\"spec_type\":2,\"sales_num\":456,\"max_price\":\"459.00\",\"max_lineation_price\":\"649.00\",\"sell_price\":\"459.00\",\"lineation_price\":\"649.00\",\"price\":\"¥459.00~¥459.00\"},{\"id\":8,\"name\":\"夏季短袖t恤男潮牌宽松港风半袖上衣休闲ins潮流百搭简约大码体恤\",\"image\":\"uploads/images/20210916163036cd93a0955.jpg\",\"total_stock\":1035,\"spec_type\":2,\"sales_num\":13,\"max_price\":\"38.00\",\"max_lineation_price\":\"58.00\",\"sell_price\":\"38.00\",\"lineation_price\":\"58.00\",\"price\":\"¥38.00~¥38.00\"},{\"id\":3,\"name\":\"纯欲风甜辣妹短款外套女装春秋季薄款百搭2021新款外搭小开衫上衣\",\"image\":\"uploads/images/20210916155724c7c957880.jpg\",\"total_stock\":828,\"spec_type\":2,\"sales_num\":29,\"max_price\":\"39.00\",\"max_lineation_price\":\"69.00\",\"sell_price\":\"39.00\",\"lineation_price\":\"69.00\",\"price\":\"¥39.00~¥39.00\"},{\"id\":2,\"name\":\"灰色百褶裙女半身裙短裙夏季2021新款高腰显瘦春秋a字裙包臀裙子\",\"image\":\"uploads/images/20210916155139eef983146.jpg\",\"total_stock\":232,\"spec_type\":2,\"sales_num\":239,\"max_price\":\"49.00\",\"max_lineation_price\":\"70.00\",\"sell_price\":\"49.00\",\"lineation_price\":\"70.00\",\"price\":\"¥49.00~¥49.00\"}]},{\"name\":\"运动\",\"style\":2,\"goods_type\":1,\"show_title\":1,\"show_price\":1,\"show_scribing_price\":1,\"show_btn\":1,\"btn_text\":\"购买\",\"btn_bg_type\":1,\"category\":{\"id\":\"\",\"name\":\"\",\"number\":1},\"data\":[{\"id\":8,\"name\":\"夏季短袖t恤男潮牌宽松港风半袖上衣休闲ins潮流百搭简约大码体恤\",\"image\":\"uploads/images/20210916163036cd93a0955.jpg\",\"total_stock\":1035,\"spec_type\":2,\"sales_num\":13,\"max_price\":\"38.00\",\"max_lineation_price\":\"58.00\",\"sell_price\":\"38.00\",\"lineation_price\":\"58.00\",\"price\":\"¥38.00~¥38.00\"},{\"id\":6,\"name\":\"明星同款帆布鞋女鞋夏季厚底增高STAR匡威1970s高帮鞋女松糕板鞋\",\"image\":\"uploads/images/20210916162021e9a985454.jpg\",\"total_stock\":1656,\"spec_type\":2,\"sales_num\":179,\"max_price\":\"169.00\",\"max_lineation_price\":\"369.00\",\"sell_price\":\"169.00\",\"lineation_price\":\"369.00\",\"price\":\"¥169.00~¥169.00\"},{\"id\":4,\"name\":\"夏季配吊带裙子的外搭雪纺小披肩女2020短款百搭坎肩防晒开衫上衣\",\"image\":\"uploads/images/202109161603224f9f14741.jpg\",\"total_stock\":138,\"spec_type\":2,\"sales_num\":69,\"max_price\":\"26.00\",\"max_lineation_price\":\"79.00\",\"sell_price\":\"26.00\",\"lineation_price\":\"79.00\",\"price\":\"¥26.00~¥26.00\"},{\"id\":1,\"name\":\"沙滩裙女海边度假裙ins超火三亚旅游衣服出游拍照超仙红色连衣裙\",\"image\":\"uploads/images/2021091615355078f3b4231.jpg\",\"total_stock\":552,\"spec_type\":2,\"sales_num\":139,\"max_price\":\"169.88\",\"max_lineation_price\":\"269.99\",\"sell_price\":\"169.88\",\"lineation_price\":\"269.99\",\"price\":\"¥169.88~¥169.88\"}],\"title_color\":\"#101010\",\"scribing_price_color\":\"#999999\",\"price_color\":\"#FF2C3C\",\"btn_bg_color\":\"#FF2C3C\",\"btn_color\":\"#FFFFFF\",\"btn_border_radius\":30,\"btn_border_color\":\"\",\"root_bg_color\":\"\",\"bg_color\":\"#FFFFFF\",\"margin\":10,\"padding_top\":10,\"padding_horizontal\":10,\"padding_bottom\":10,\"border_radius_top\":4,\"border_radius_bottom\":4},{\"name\":\"鞋靴\",\"style\":2,\"goods_type\":1,\"show_title\":1,\"show_price\":1,\"show_scribing_price\":1,\"show_btn\":1,\"btn_text\":\"购买\",\"btn_bg_type\":1,\"category\":{\"id\":\"\",\"name\":\"\",\"number\":1},\"data\":[{\"id\":1,\"name\":\"沙滩裙女海边度假裙ins超火三亚旅游衣服出游拍照超仙红色连衣裙\",\"image\":\"uploads/images/2021091615355078f3b4231.jpg\",\"total_stock\":552,\"spec_type\":2,\"sales_num\":139,\"max_price\":\"169.88\",\"max_lineation_price\":\"269.99\",\"sell_price\":\"169.88\",\"lineation_price\":\"269.99\",\"price\":\"¥169.88~¥169.88\"},{\"id\":2,\"name\":\"灰色百褶裙女半身裙短裙夏季2021新款高腰显瘦春秋a字裙包臀裙子\",\"image\":\"uploads/images/20210916155139eef983146.jpg\",\"total_stock\":232,\"spec_type\":2,\"sales_num\":239,\"max_price\":\"49.00\",\"max_lineation_price\":\"70.00\",\"sell_price\":\"49.00\",\"lineation_price\":\"70.00\",\"price\":\"¥49.00~¥49.00\"},{\"id\":4,\"name\":\"夏季配吊带裙子的外搭雪纺小披肩女2020短款百搭坎肩防晒开衫上衣\",\"image\":\"uploads/images/202109161603224f9f14741.jpg\",\"total_stock\":138,\"spec_type\":2,\"sales_num\":69,\"max_price\":\"26.00\",\"max_lineation_price\":\"79.00\",\"sell_price\":\"26.00\",\"lineation_price\":\"79.00\",\"price\":\"¥26.00~¥26.00\"},{\"id\":5,\"name\":\"CONVERSE匡威官方 Chuck 70时尚拼接撞色帆布鞋高帮休闲鞋171124C\",\"image\":\"uploads/images/20210916155139ff7af9881.jpg\",\"total_stock\":828,\"spec_type\":2,\"sales_num\":456,\"max_price\":\"459.00\",\"max_lineation_price\":\"649.00\",\"sell_price\":\"459.00\",\"lineation_price\":\"649.00\",\"price\":\"¥459.00~¥459.00\"}],\"title_color\":\"#101010\",\"scribing_price_color\":\"#999999\",\"price_color\":\"#FF2C3C\",\"btn_bg_color\":\"#FF2C3C\",\"btn_color\":\"#FFFFFF\",\"btn_border_radius\":30,\"btn_border_color\":\"\",\"root_bg_color\":\"\",\"bg_color\":\"#FFFFFF\",\"margin\":10,\"padding_top\":10,\"padding_horizontal\":10,\"padding_bottom\":10,\"border_radius_top\":4,\"border_radius_bottom\":4}]},\"styles\":{\"root_bg_color\":null,\"bg_color\":null,\"color\":\"#FFFFFF\",\"active_color\":\"#FFFFFF\",\"line_color\":\"#FFFFFF\",\"active_bg_color\":\"\",\"padding\":10,\"padding_top\":0,\"padding_horizontal\":0,\"padding_bottom\":0,\"border_radius_top\":0,\"border_radius_bottom\":0}}]', `common` = '{\"title\":\"\\u65b0\\u4eba\\u4e13\\u533a\",\"background_type\":\"2\",\"bg_color\":\"#F5F5F5\",\"background_image\":\"https:\\/\\/likeshopb2cv3.yixiangonline.com\\/uploads\\/images\\/20210813162421465939578.png\",\"background_color\":\"#FC7A7A\"}', `create_time` = 1631706882, `update_time` = 1631785188, `delete_time` = NULL WHERE `id` = 67;

INSERT INTO `ls_express`(`id`, `name`, `icon`, `code`, `code100`, `codebird`, `sort`, `create_time`, `update_time`, `delete_time`) VALUES (1, '邮政快递', 'uploads/images/20210916164305776a42558.png', 'youzheng', 'youzhengguonei', 'YZPY', 255, 1631782159, 1631782159, NULL);

INSERT INTO `ls_express`(`id`, `name`, `icon`, `code`, `code100`, `codebird`, `sort`, `create_time`, `update_time`, `delete_time`) VALUES (2, '德邦', 'uploads/images/2021091616545261c790124.png', 'debang', 'debangwuliu', 'DBL', 255, 1631782216, 1631782498, NULL);

INSERT INTO `ls_express`(`id`, `name`, `icon`, `code`, `code100`, `codebird`, `sort`, `create_time`, `update_time`, `delete_time`) VALUES (3, '百世', 'uploads/images/202109161643054a7cb8914.png', 'baishi', 'huitongkuaidi', 'HTKY', 255, 1631782249, 1631782249, NULL);

INSERT INTO `ls_express`(`id`, `name`, `icon`, `code`, `code100`, `codebird`, `sort`, `create_time`, `update_time`, `delete_time`) VALUES (4, '顺丰', 'uploads/images/2021091616430544b994673.png', 'shunfeng', 'shunfeng', 'SF', 255, 1631782280, 1631782280, NULL);

INSERT INTO `ls_express`(`id`, `name`, `icon`, `code`, `code100`, `codebird`, `sort`, `create_time`, `update_time`, `delete_time`) VALUES (5, '韵达', 'uploads/images/20210916164305dfb1d7120.png', 'yunda', 'yunda', 'YD', 255, 1631782308, 1631782308, NULL);

INSERT INTO `ls_express`(`id`, `name`, `icon`, `code`, `code100`, `codebird`, `sort`, `create_time`, `update_time`, `delete_time`) VALUES (6, '申通', 'uploads/images/20210916164305c3b7c8764.png', 'shentong', 'shentong', 'STO', 255, 1631782334, 1631782334, NULL);

INSERT INTO `ls_express`(`id`, `name`, `icon`, `code`, `code100`, `codebird`, `sort`, `create_time`, `update_time`, `delete_time`) VALUES (7, '中通', 'uploads/images/20210916164305da44b3646.png', 'zhongtong', 'zhongtong', 'ZTO', 255, 1631782360, 1631782360, NULL);

INSERT INTO `ls_express`(`id`, `name`, `icon`, `code`, `code100`, `codebird`, `sort`, `create_time`, `update_time`, `delete_time`) VALUES (8, '圆通', 'uploads/images/202109161643055d4123393.png', 'yuantong', 'yuantong', 'YTO', 255, 1631782400, 1631782400, NULL);

INSERT INTO `ls_file`(`id`, `cid`,`source`, `source_id`, `type`, `name`, `uri`, `create_time`, `update_time`, `delete_time`) VALUES (1, 0, 0, 1, 10, 'icon_my_xiaoxi.png', 'uploads/images/20210916141726a7e752457.png', 1631773046, 1631775930, 1631775930);

INSERT INTO `ls_file`(`id`, `cid`,`source`, `source_id`, `type`, `name`, `uri`, `create_time`, `update_time`, `delete_time`) VALUES (2, 1, 0, 1, 10, '浮图秀图片_s.taobao.com_20210916104105.jpg', 'uploads/images/202109161506159e4498915.jpg', 1631775975, 1631775975, NULL);

INSERT INTO `ls_file`(`id`, `cid`,`source`, `source_id`, `type`, `name`, `uri`, `create_time`, `update_time`, `delete_time`) VALUES (3, 1, 0, 1, 10, '浮图秀图片_s.taobao.com_20210916111319.jpg', 'uploads/images/202109161506158c7689347.jpg', 1631775975, 1631775975, NULL);

INSERT INTO `ls_file`(`id`, `cid`,`source`, `source_id`, `type`, `name`, `uri`, `create_time`, `update_time`, `delete_time`) VALUES (4, 1, 0, 1, 10, '浮图秀图片_s.taobao.com_20210916103802.jpg', 'uploads/images/20210916150615e4da05665.jpg', 1631775975, 1631775975, NULL);

INSERT INTO `ls_file`(`id`, `cid`,`source`, `source_id`, `type`, `name`, `uri`, `create_time`, `update_time`, `delete_time`) VALUES (5, 1, 0, 1, 10, '浮图秀图片_s.taobao.com_20210916103716.jpg', 'uploads/images/20210916150615de3f29604.jpg', 1631775975, 1631775975, NULL);

INSERT INTO `ls_file`(`id`, `cid`,`source`, `source_id`, `type`, `name`, `uri`, `create_time`, `update_time`, `delete_time`) VALUES (6, 1, 0, 1, 10, '浮图秀图片_s.taobao.com_20210916111240.jpg', 'uploads/images/20210916150615faf552486.jpg', 1631775975, 1631775975, NULL);

INSERT INTO `ls_file`(`id`, `cid`,`source`, `source_id`, `type`, `name`, `uri`, `create_time`, `update_time`, `delete_time`) VALUES (7, 0, 0, 1, 10, '浮图秀图片_s.taobao.com_20210916111354.jpg', 'uploads/images/20210916150903196797175.jpg', 1631776143, 1631778665, 1631778665);

INSERT INTO `ls_file`(`id`, `cid`,`source`, `source_id`, `type`, `name`, `uri`, `create_time`, `update_time`, `delete_time`) VALUES (8, 0, 0, 1, 10, '浮图秀图片_s.taobao.com_20210916112058.jpg', 'uploads/images/2021091615090354c6f4366.jpg', 1631776143, 1631778664, 1631778664);

INSERT INTO `ls_file`(`id`, `cid`,`source`, `source_id`, `type`, `name`, `uri`, `create_time`, `update_time`, `delete_time`) VALUES (9, 0, 0, 1, 10, '浮图秀图片_s.taobao.com_20210916111437.jpg', 'uploads/images/20210916150903004af7942.jpg', 1631776143, 1631778663, 1631778663);

INSERT INTO `ls_file`(`id`, `cid`,`source`, `source_id`, `type`, `name`, `uri`, `create_time`, `update_time`, `delete_time`) VALUES (10, 0, 0, 1, 10, '浮图秀图片_s.taobao.com_20210916111420.jpg', 'uploads/images/20210916150903b1ec50577.jpg', 1631776143, 1631778662, 1631778662);

INSERT INTO `ls_file`(`id`, `cid`,`source`, `source_id`, `type`, `name`, `uri`, `create_time`, `update_time`, `delete_time`) VALUES (11, 0, 0, 1, 10, '浮图秀图片_world.taobao.com_20210916111805.jpg', 'uploads/images/20210916150903c62cc0021.jpg', 1631776143, 1631778661, 1631778661);

INSERT INTO `ls_file`(`id`, `cid`,`source`, `source_id`, `type`, `name`, `uri`, `create_time`, `update_time`, `delete_time`) VALUES (12, 0, 0, 1, 10, '浮图秀图片_world.taobao.com_20210916111836.jpg', 'uploads/images/202109161509034222d4881.jpg', 1631776143, 1631778660, 1631778660);

INSERT INTO `ls_file`(`id`, `cid`,`source`, `source_id`, `type`, `name`, `uri`, `create_time`, `update_time`, `delete_time`) VALUES (13, 0, 0, 1, 10, '浮图秀图片_item.taobao.com_20210916112458.jpg', 'uploads/images/20210916151123808447791.jpg', 1631776283, 1631778659, 1631778659);

INSERT INTO `ls_file`(`id`, `cid`,`source`, `source_id`, `type`, `name`, `uri`, `create_time`, `update_time`, `delete_time`) VALUES (14, 0, 0, 1, 10, '1623744386(1).png', 'uploads/images/20210916151219b94c01648.png', 1631776339, 1631778658, 1631778658);

INSERT INTO `ls_file`(`id`, `cid`,`source`, `source_id`, `type`, `name`, `uri`, `create_time`, `update_time`, `delete_time`) VALUES (15, 2, 0, 1, 10, '匡威.png', 'uploads/images/202109161524316b9097638.png', 1631777071, 1631777071, NULL);

INSERT INTO `ls_file`(`id`, `cid`,`source`, `source_id`, `type`, `name`, `uri`, `create_time`, `update_time`, `delete_time`) VALUES (16, 2, 0, 1, 10, '安踏.png', 'uploads/images/20210916152431ab5373901.png', 1631777071, 1631777071, NULL);

INSERT INTO `ls_file`(`id`, `cid`,`source`, `source_id`, `type`, `name`, `uri`, `create_time`, `update_time`, `delete_time`) VALUES (17, 2, 0, 1, 10, '李宁.png', 'uploads/images/20210916152431a103d2883.png', 1631777071, 1631777071, NULL);

INSERT INTO `ls_file`(`id`, `cid`,`source`, `source_id`, `type`, `name`, `uri`, `create_time`, `update_time`, `delete_time`) VALUES (18, 2, 0, 1, 10, '特步.png', 'uploads/images/2021091615243155abd5923.png', 1631777071, 1631777071, NULL);

INSERT INTO `ls_file`(`id`, `cid`,`source`, `source_id`, `type`, `name`, `uri`, `create_time`, `update_time`, `delete_time`) VALUES (19, 1, 0, 1, 10, '浮图秀图片_item.taobao.com_20210916112443.jpg', 'uploads/images/202109161535507d0701755.jpg', 1631777750, 1631777750, NULL);

INSERT INTO `ls_file`(`id`, `cid`,`source`, `source_id`, `type`, `name`, `uri`, `create_time`, `update_time`, `delete_time`) VALUES (20, 1, 0, 1, 10, '浮图秀图片_s.taobao.com_20210916112229.jpg', 'uploads/images/2021091615355078f3b4231.jpg', 1631777750, 1631777750, NULL);

INSERT INTO `ls_file`(`id`, `cid`,`source`, `source_id`, `type`, `name`, `uri`, `create_time`, `update_time`, `delete_time`) VALUES (21, 1, 0, 1, 10, '浮图秀图片_item.taobao.com_20210916112446.jpg', 'uploads/images/2021091615355048ac82932.jpg', 1631777750, 1631777750, NULL);

INSERT INTO `ls_file`(`id`, `cid`,`source`, `source_id`, `type`, `name`, `uri`, `create_time`, `update_time`, `delete_time`) VALUES (22, 1, 0, 1, 10, '浮图秀图片_item.taobao.com_20210916112458.jpg', 'uploads/images/20210916153550fd09e5149.jpg', 1631777750, 1631777750, NULL);

INSERT INTO `ls_file`(`id`, `cid`,`source`, `source_id`, `type`, `name`, `uri`, `create_time`, `update_time`, `delete_time`) VALUES (23, 1, 0, 1, 10, '浮图秀图片_s.taobao.com_20210916104105.jpg', 'uploads/images/20210916155116450ba5698.jpg', 1631778676, 1631778706, 1631778706);

INSERT INTO `ls_file`(`id`, `cid`,`source`, `source_id`, `type`, `name`, `uri`, `create_time`, `update_time`, `delete_time`) VALUES (24, 1, 0, 1, 10, '浮图秀图片_s.taobao.com_20210916111354.jpg', 'uploads/images/2021091615511633c351274.jpg', 1631778676, 1631778676, NULL);

INSERT INTO `ls_file`(`id`, `cid`,`source`, `source_id`, `type`, `name`, `uri`, `create_time`, `update_time`, `delete_time`) VALUES (25, 1, 0, 1, 10, '浮图秀图片_s.taobao.com_20210916111319.jpg', 'uploads/images/20210916155117fb0af4991.jpg', 1631778677, 1631778677, NULL);

INSERT INTO `ls_file`(`id`, `cid`,`source`, `source_id`, `type`, `name`, `uri`, `create_time`, `update_time`, `delete_time`) VALUES (26, 1, 0, 1, 10, '浮图秀图片_s.taobao.com_20210916111420.jpg', 'uploads/images/202109161551175e9359893.jpg', 1631778677, 1631778677, NULL);

INSERT INTO `ls_file`(`id`, `cid`,`source`, `source_id`, `type`, `name`, `uri`, `create_time`, `update_time`, `delete_time`) VALUES (27, 1, 0, 1, 10, '浮图秀图片_s.taobao.com_20210916103802.jpg', 'uploads/images/2021091615511770f3e4768.jpg', 1631778677, 1631778683, 1631778683);

INSERT INTO `ls_file`(`id`, `cid`,`source`, `source_id`, `type`, `name`, `uri`, `create_time`, `update_time`, `delete_time`) VALUES (28, 1, 0, 1, 10, '浮图秀图片_s.taobao.com_20210916111240.jpg', 'uploads/images/20210916155117b94ff1050.jpg', 1631778677, 1631778681, 1631778681);

INSERT INTO `ls_file`(`id`, `cid`,`source`, `source_id`, `type`, `name`, `uri`, `create_time`, `update_time`, `delete_time`) VALUES (29, 1, 0, 1, 10, '浮图秀图片_s.taobao.com_20210916103716.jpg', 'uploads/images/20210916155117214038907.jpg', 1631778677, 1631778680, 1631778680);

INSERT INTO `ls_file`(`id`, `cid`,`source`, `source_id`, `type`, `name`, `uri`, `create_time`, `update_time`, `delete_time`) VALUES (30, 1, 0, 1, 10, '浮图秀图片_world.taobao.com_20210916111805.jpg', 'uploads/images/20210916155139fa3364651.jpg', 1631778699, 1631778699, NULL);

INSERT INTO `ls_file`(`id`, `cid`,`source`, `source_id`, `type`, `name`, `uri`, `create_time`, `update_time`, `delete_time`) VALUES (31, 1, 0, 1, 10, '浮图秀图片_s.taobao.com_20210916112058.jpg', 'uploads/images/20210916155139ff7af9881.jpg', 1631778699, 1631778699, NULL);

INSERT INTO `ls_file`(`id`, `cid`,`source`, `source_id`, `type`, `name`, `uri`, `create_time`, `update_time`, `delete_time`) VALUES (32, 1, 0, 1, 10, '浮图秀图片_s.taobao.com_20210916111437.jpg', 'uploads/images/20210916155139eef983146.jpg', 1631778699, 1631778699, NULL);

INSERT INTO `ls_file`(`id`, `cid`,`source`, `source_id`, `type`, `name`, `uri`, `create_time`, `update_time`, `delete_time`) VALUES (33, 1, 0, 1, 10, '浮图秀图片_world.taobao.com_20210916111836.jpg', 'uploads/images/202109161551396dd350000.jpg', 1631778699, 1631778699, NULL);

INSERT INTO `ls_file`(`id`, `cid`,`source`, `source_id`, `type`, `name`, `uri`, `create_time`, `update_time`, `delete_time`) VALUES (34, 1, 0, 1, 10, '1631778606(1).jpg', 'uploads/images/20210916155155e30274391.jpg', 1631778715, 1631778715, NULL);

INSERT INTO `ls_file`(`id`, `cid`,`source`, `source_id`, `type`, `name`, `uri`, `create_time`, `update_time`, `delete_time`) VALUES (35, 1, 0, 1, 10, '1631778543(1).jpg', 'uploads/images/20210916155155fc2e41794.jpg', 1631778715, 1631778715, NULL);

INSERT INTO `ls_file`(`id`, `cid`,`source`, `source_id`, `type`, `name`, `uri`, `create_time`, `update_time`, `delete_time`) VALUES (36, 1, 0, 1, 10, '浮图秀图片_item.taobao.com_20210916155640.jpg', 'uploads/images/20210916155724295ee7245.jpg', 1631779044, 1631779044, NULL);

INSERT INTO `ls_file`(`id`, `cid`,`source`, `source_id`, `type`, `name`, `uri`, `create_time`, `update_time`, `delete_time`) VALUES (37, 1, 0, 1, 10, '浮图秀图片_item.taobao.com_20210916155635.jpg', 'uploads/images/20210916155724efede4434.jpg', 1631779044, 1631779044, NULL);

INSERT INTO `ls_file`(`id`, `cid`,`source`, `source_id`, `type`, `name`, `uri`, `create_time`, `update_time`, `delete_time`) VALUES (38, 1, 0, 1, 10, '浮图秀图片_s.taobao.com_20210916155629.jpg', 'uploads/images/20210916155724c7c957880.jpg', 1631779044, 1631779044, NULL);

INSERT INTO `ls_file`(`id`, `cid`,`source`, `source_id`, `type`, `name`, `uri`, `create_time`, `update_time`, `delete_time`) VALUES (39, 1, 0, 1, 10, '浮图秀图片_item.taobao.com_20210916155638.jpg', 'uploads/images/2021091615572484b5b1876.jpg', 1631779044, 1631779044, NULL);

INSERT INTO `ls_file`(`id`, `cid`,`source`, `source_id`, `type`, `name`, `uri`, `create_time`, `update_time`, `delete_time`) VALUES (40, 1, 0, 1, 10, '浮图秀图片_detail.tmall.com_20210916160255.jpg', 'uploads/images/2021091616032275fef4789.jpg', 1631779402, 1631779402, NULL);

INSERT INTO `ls_file`(`id`, `cid`,`source`, `source_id`, `type`, `name`, `uri`, `create_time`, `update_time`, `delete_time`) VALUES (41, 1, 0, 1, 10, '浮图秀图片_detail.tmall.com_20210916160248.jpg', 'uploads/images/202109161603224f9f14741.jpg', 1631779402, 1631779402, NULL);

INSERT INTO `ls_file`(`id`, `cid`,`source`, `source_id`, `type`, `name`, `uri`, `create_time`, `update_time`, `delete_time`) VALUES (42, 1, 0, 1, 10, '浮图秀图片_detail.tmall.com_20210916160250.jpg', 'uploads/images/202109161603231b8fe7840.jpg', 1631779403, 1631779403, NULL);

INSERT INTO `ls_file`(`id`, `cid`,`source`, `source_id`, `type`, `name`, `uri`, `create_time`, `update_time`, `delete_time`) VALUES (43, 1, 0, 1, 10, '浮图秀图片_detail.tmall.com_20210916161339.jpg', 'uploads/images/202109161613523f19a9136.jpg', 1631780032, 1631780032, NULL);

INSERT INTO `ls_file`(`id`, `cid`,`source`, `source_id`, `type`, `name`, `uri`, `create_time`, `update_time`, `delete_time`) VALUES (44, 1, 0, 1, 10, '浮图秀图片_detail.tmall.com_20210916161334.jpg', 'uploads/images/2021091616135221b156905.jpg', 1631780032, 1631780032, NULL);

INSERT INTO `ls_file`(`id`, `cid`,`source`, `source_id`, `type`, `name`, `uri`, `create_time`, `update_time`, `delete_time`) VALUES (45, 1, 0, 1, 10, '浮图秀图片_detail.tmall.com_20210916161337.jpg', 'uploads/images/202109161613525fe939131.jpg', 1631780032, 1631780032, NULL);

INSERT INTO `ls_file`(`id`, `cid`,`source`, `source_id`, `type`, `name`, `uri`, `create_time`, `update_time`, `delete_time`) VALUES (46, 1, 0, 1, 10, '浮图秀图片_detail.tmall.com_20210916161335.jpg', 'uploads/images/202109161613529af9a2568.jpg', 1631780032, 1631780032, NULL);

INSERT INTO `ls_file`(`id`, `cid`,`source`, `source_id`, `type`, `name`, `uri`, `create_time`, `update_time`, `delete_time`) VALUES (47, 1, 0, 1, 10, '浮图秀图片_item.taobao.com_20210916161924.jpg', 'uploads/images/2021091616202149f275518.jpg', 1631780421, 1631780421, NULL);

INSERT INTO `ls_file`(`id`, `cid`,`source`, `source_id`, `type`, `name`, `uri`, `create_time`, `update_time`, `delete_time`) VALUES (48, 1, 0, 1, 10, '浮图秀图片_item.taobao.com_20210916161920.jpg', 'uploads/images/202109161620213e0779674.jpg', 1631780421, 1631780421, NULL);

INSERT INTO `ls_file`(`id`, `cid`,`source`, `source_id`, `type`, `name`, `uri`, `create_time`, `update_time`, `delete_time`) VALUES (49, 1, 0, 1, 10, '浮图秀图片_item.taobao.com_20210916161917.jpg', 'uploads/images/20210916162021e9a985454.jpg', 1631780421, 1631780421, NULL);

INSERT INTO `ls_file`(`id`, `cid`,`source`, `source_id`, `type`, `name`, `uri`, `create_time`, `update_time`, `delete_time`) VALUES (50, 1, 0, 1, 10, '浮图秀图片_item.taobao.com_20210916161919.jpg', 'uploads/images/202109161620215c2f67832.jpg', 1631780421, 1631780421, NULL);

INSERT INTO `ls_file`(`id`, `cid`,`source`, `source_id`, `type`, `name`, `uri`, `create_time`, `update_time`, `delete_time`) VALUES (51, 1, 0, 1, 10, '浮图秀图片_detail.tmall.com_20210916162520.jpg', 'uploads/images/20210916162600c7dcb5795.jpg', 1631780760, 1631780760, NULL);

INSERT INTO `ls_file`(`id`, `cid`,`source`, `source_id`, `type`, `name`, `uri`, `create_time`, `update_time`, `delete_time`) VALUES (52, 1, 0, 1, 10, '浮图秀图片_detail.tmall.com_20210916162522.jpg', 'uploads/images/2021091616260038b919667.jpg', 1631780760, 1631780760, NULL);

INSERT INTO `ls_file`(`id`, `cid`,`source`, `source_id`, `type`, `name`, `uri`, `create_time`, `update_time`, `delete_time`) VALUES (53, 1, 0, 1, 10, '浮图秀图片_detail.tmall.com_20210916162518.jpg', 'uploads/images/2021091616260051af23757.jpg', 1631780760, 1631780760, NULL);

INSERT INTO `ls_file`(`id`, `cid`,`source`, `source_id`, `type`, `name`, `uri`, `create_time`, `update_time`, `delete_time`) VALUES (54, 1, 0, 1, 10, '浮图秀图片_detail.tmall.com_20210916162955.jpg', 'uploads/images/20210916163036cd93a0955.jpg', 1631781036, 1631781036, NULL);

INSERT INTO `ls_file`(`id`, `cid`,`source`, `source_id`, `type`, `name`, `uri`, `create_time`, `update_time`, `delete_time`) VALUES (55, 1, 0, 1, 10, '浮图秀图片_detail.tmall.com_20210916163004.jpg', 'uploads/images/20210916163036140d73901.jpg', 1631781036, 1631781036, NULL);

INSERT INTO `ls_file`(`id`, `cid`,`source`, `source_id`, `type`, `name`, `uri`, `create_time`, `update_time`, `delete_time`) VALUES (56, 1, 0, 1, 10, '浮图秀图片_detail.tmall.com_20210916163009.jpg', 'uploads/images/202109161630361fa990382.jpg', 1631781036, 1631781036, NULL);

INSERT INTO `ls_file`(`id`, `cid`,`source`, `source_id`, `type`, `name`, `uri`, `create_time`, `update_time`, `delete_time`) VALUES (57, 1, 0, 1, 10, '浮图秀图片_detail.tmall.com_20210916163602.jpg', 'uploads/images/20210916163626aab003556.jpg', 1631781386, 1631781386, NULL);

INSERT INTO `ls_file`(`id`, `cid`,`source`, `source_id`, `type`, `name`, `uri`, `create_time`, `update_time`, `delete_time`) VALUES (58, 2, 0, 1, 10, '百世.png', 'uploads/images/202109161643054a7cb8914.png', 1631781785, 1631781785, NULL);

INSERT INTO `ls_file`(`id`, `cid`,`source`, `source_id`, `type`, `name`, `uri`, `create_time`, `update_time`, `delete_time`) VALUES (59, 2, 0, 1, 10, '韵达.png', 'uploads/images/20210916164305dfb1d7120.png', 1631781785, 1631781785, NULL);

INSERT INTO `ls_file`(`id`, `cid`,`source`, `source_id`, `type`, `name`, `uri`, `create_time`, `update_time`, `delete_time`) VALUES (60, 2, 0, 1, 10, '中通.png', 'uploads/images/20210916164305da44b3646.png', 1631781785, 1631781785, NULL);

INSERT INTO `ls_file`(`id`, `cid`,`source`, `source_id`, `type`, `name`, `uri`, `create_time`, `update_time`, `delete_time`) VALUES (61, 2, 0, 1, 10, '申通.png', 'uploads/images/20210916164305c3b7c8764.png', 1631781785, 1631781785, NULL);

INSERT INTO `ls_file`(`id`, `cid`,`source`, `source_id`, `type`, `name`, `uri`, `create_time`, `update_time`, `delete_time`) VALUES (62, 2, 0, 1, 10, '顺丰.png', 'uploads/images/2021091616430544b994673.png', 1631781785, 1631781785, NULL);

INSERT INTO `ls_file`(`id`, `cid`,`source`, `source_id`, `type`, `name`, `uri`, `create_time`, `update_time`, `delete_time`) VALUES (63, 2, 0, 1, 10, '邮政快递.png', 'uploads/images/20210916164305776a42558.png', 1631781785, 1631781785, NULL);

INSERT INTO `ls_file`(`id`, `cid`,`source`, `source_id`, `type`, `name`, `uri`, `create_time`, `update_time`, `delete_time`) VALUES (64, 2, 0, 1, 10, '圆通.png', 'uploads/images/202109161643055d4123393.png', 1631781785, 1631781785, NULL);

INSERT INTO `ls_file`(`id`, `cid`,`source`, `source_id`, `type`, `name`, `uri`, `create_time`, `update_time`, `delete_time`) VALUES (65, 2, 0, 1, 10, '德邦.jpg', 'uploads/images/202109161649593dcb23216.jpg', 1631782199, 1631782495, 1631782495);

INSERT INTO `ls_file`(`id`, `cid`,`source`, `source_id`, `type`, `name`, `uri`, `create_time`, `update_time`, `delete_time`) VALUES (66, 2, 0, 1, 10, '德邦快递.png', 'uploads/images/2021091616545261c790124.png', 1631782492, 1631782492, NULL);

INSERT INTO `ls_file`(`id`, `cid`,`source`, `source_id`, `type`, `name`, `uri`, `create_time`, `update_time`, `delete_time`) VALUES (67, 2, 0, 1, 10, '热.png', 'uploads/images/20210916171151509889256.png', 1631783511, 1631783511, NULL);

INSERT INTO `ls_file`(`id`, `cid`,`source`, `source_id`, `type`, `name`, `uri`, `create_time`, `update_time`, `delete_time`) VALUES (68, 3, 0, 1, 10, '2021061117021870c3a9534.jpeg', 'uploads/images/20210916173936fac9c2778.jpeg', 1631785176, 1631785176, NULL);

INSERT INTO `ls_file`(`id`, `cid`,`source`, `source_id`, `type`, `name`, `uri`, `create_time`, `update_time`, `delete_time`) VALUES (69, 3, 0, 1, 10, '20210615102802186e27399.png', 'uploads/images/20210916173936636c05577.png', 1631785176, 1631785176, NULL);

INSERT INTO `ls_file`(`id`, `cid`,`source`, `source_id`, `type`, `name`, `uri`, `create_time`, `update_time`, `delete_time`) VALUES (70, 3, 0, 1, 10, '2021061117071556a9b6422.jpeg', 'uploads/images/20210916173936d89765306.jpeg', 1631785176, 1631785176, NULL);

INSERT INTO `ls_file`(`id`, `cid`,`source`, `source_id`, `type`, `name`, `uri`, `create_time`, `update_time`, `delete_time`) VALUES (71, 3, 0, 1, 10, '202106111705050af994440.jpeg', 'uploads/images/20210916173936625cb6915.jpeg', 1631785176, 1631785176, NULL);

INSERT INTO `ls_file`(`id`, `cid`,`source`, `source_id`, `type`, `name`, `uri`, `create_time`, `update_time`, `delete_time`) VALUES (72, 3, 0, 1, 10, '202106111708534ac517700.jpeg', 'uploads/images/20210916173936112c28898.jpeg', 1631785176, 1631785176, NULL);

INSERT INTO `ls_file`(`id`, `cid`,`source`, `source_id`, `type`, `name`, `uri`, `create_time`, `update_time`, `delete_time`) VALUES (73, 3, 0, 1, 10, '20210615180059ae0f14847.png', 'uploads/images/20210916173936764067426.png', 1631785176, 1631785176, NULL);

INSERT INTO `ls_file`(`id`, `cid`,`source`, `source_id`, `type`, `name`, `uri`, `create_time`, `update_time`, `delete_time`) VALUES (74, 3, 0, 1, 10, '20210629181748b1fb57768.jpeg', 'uploads/images/202109161746090e4208716.jpeg', 1631785569, 1631785569, NULL);

INSERT INTO `ls_file`(`id`, `cid`,`source`, `source_id`, `type`, `name`, `uri`, `create_time`, `update_time`, `delete_time`) VALUES (75, 3, 0, 1, 10, '浮图秀图片_cn.bing.com_20210916174655.jpg', 'uploads/images/20210916174730af8ae0532.jpg', 1631785650, 1631785650, NULL);

INSERT INTO `ls_file`(`id`, `cid`,`source`, `source_id`, `type`, `name`, `uri`, `create_time`, `update_time`, `delete_time`) VALUES (76, 3, 0, 1, 10, '主图2.jpg', 'uploads/images/20210916175033d7d887230.jpg', 1631785833, 1631785833, NULL);

INSERT INTO `ls_file_cate`(`id`, `pid`, `type`, `name`, `create_time`, `update_time`, `delete_time`) VALUES (1, 0, 10, '商品图片', 1631775948, 1631775948, NULL);

INSERT INTO `ls_file_cate`(`id`, `pid`, `type`, `name`, `create_time`, `update_time`, `delete_time`) VALUES (2, 0, 10, 'logo', 1631776907, 1631776907, NULL);

INSERT INTO `ls_file_cate`(`id`, `pid`, `type`, `name`, `create_time`, `update_time`, `delete_time`) VALUES (3, 0, 10, '海报', 1631784958, 1631784958, NULL);

INSERT INTO `ls_goods`(`id`, `name`, `code`, `brand_id`, `supplier_id`, `unit_id`, `video`, `status`, `video_source`, `image`, `video_cover`, `poster`, `is_express`, `is_selffetch`, `express_type`, `express_money`, `express_template_id`, `virtual_sales_num`, `stock_warning`, `spec_type`, `sort`, `min_price`, `max_price`, `min_lineation_price`, `max_lineation_price`, `total_stock`, `click_num`, `sales_num`, `sales_money`, `content`, `create_time`, `update_time`, `delete_time`) VALUES (1, '沙滩裙女海边度假裙ins超火三亚旅游衣服出游拍照超仙红色连衣裙', 'T00001', 1, 1, 6, '', 1, 1, 'uploads/images/2021091615355078f3b4231.jpg', '', '', 1, 1, 1, 0.00, 0, 139, 20, 2, 255, 169.88, 169.88, 269.99, 269.99, 552, 0, 0, 0.00, '<ul><li><p>品牌名称：<b>Abercrombie＆Fitch</b></p><p><em>产品参数：</em></p><ul><li>品牌:&nbsp;Abercrombie＆Fitch</li><li>适用年龄:&nbsp;25-29周岁</li><li>尺码:&nbsp;XXS&nbsp;XS&nbsp;S&nbsp;M&nbsp;L&nbsp;XL</li><li>领型:&nbsp;圆领</li><li>主要颜色:&nbsp;干邑棕色&nbsp;白色&nbsp;深灰色</li><li>货号:&nbsp;310692-1</li><li>年份季节:&nbsp;2021年夏季</li><li>袖长:&nbsp;无袖</li><li>衣长:&nbsp;常规款</li><li>销售渠道类型:&nbsp;商场同款(线上线下都销售)</li><li>材质成分:&nbsp;其他1000</li></ul><p><s><b></b></s></p><p><a href=\"https://abercrombiefitch.tmall.com/campaign-11536-363.htm?scene=taobao_shop\" target=\"_blank\"><img alt=\"\" src=\"https://gdp.alicdn.com/imgextra/i3/3316585763/O1CN01dcSmXg1sRVEKFVAVl_!!3316585763.png\"/></a></p><s><b></b></s><p><br/></p><p><img src=\"https://img.alicdn.com/imgextra/i1/3316585763/O1CN01ljejJ21sRVDUtlgcM_!!3316585763.png\"/><img src=\"https://img.alicdn.com/imgextra/i2/3316585763/O1CN01Hqbayk1sRVDbrvvaR_!!3316585763.png\"/><img src=\"https://img.alicdn.com/imgextra/i3/3316585763/O1CN01d649871sRVDb9udkK_!!3316585763.png\"/><img src=\"https://img.alicdn.com/imgextra/i1/3316585763/O1CN018w9jKf1sRVDdSl1HA_!!3316585763.png\"/><img src=\"https://img.alicdn.com/imgextra/i4/3316585763/O1CN01knVezz1sRVDXZ4IpF_!!3316585763.png\"/><img src=\"https://img.alicdn.com/imgextra/i3/3316585763/O1CN01CQo66O1sRVDXZ3tsV_!!3316585763.png\"/><img src=\"https://img.alicdn.com/imgextra/i1/3316585763/O1CN01yyIkl31sRVDXIeTTS_!!3316585763.png\"/><img src=\"https://img.alicdn.com/imgextra/i3/3316585763/O1CN013015xD1sRVDb9uqDo_!!3316585763.png\"/><img src=\"https://img.alicdn.com/imgextra/i2/3316585763/O1CN01dCPXRd1sRVDNEneUI_!!3316585763.png\"/><img src=\"https://img.alicdn.com/imgextra/i2/3316585763/O1CN01MgpilX1sRVDdSmlOE_!!3316585763.png\"/><img src=\"https://img.alicdn.com/imgextra/i4/3316585763/O1CN013Beh871sRVDTvwdzu_!!3316585763.png\"/><img src=\"https://img.alicdn.com/imgextra/i4/3316585763/O1CN01HF2ZKo1sRVDNEnBNv_!!3316585763.png\"/><img src=\"https://img.alicdn.com/imgextra/i2/3316585763/O1CN015yEtQS1sRVDTM6xfg_!!3316585763.png\"/><img src=\"https://img.alicdn.com/imgextra/i4/3316585763/O1CN01qt6zoM1sRVDz69O8a_!!3316585763.png\"/><img src=\"https://img.alicdn.com/imgextra/i1/3316585763/O1CN0187Shyl1sRVDW04GAp_!!3316585763.png\"/></p></li></ul>', 1631778211, 1631778211, NULL);

INSERT INTO `ls_goods`(`id`, `name`, `code`, `brand_id`, `supplier_id`, `unit_id`, `video`, `status`, `video_source`, `image`, `video_cover`, `poster`, `is_express`, `is_selffetch`, `express_type`, `express_money`, `express_template_id`, `virtual_sales_num`, `stock_warning`, `spec_type`, `sort`, `min_price`, `max_price`, `min_lineation_price`, `max_lineation_price`, `total_stock`, `click_num`, `sales_num`, `sales_money`, `content`, `create_time`, `update_time`, `delete_time`) VALUES (2, '灰色百褶裙女半身裙短裙夏季2021新款高腰显瘦春秋a字裙包臀裙子', 'T00002', 1, 1, 6, '', 1, 1, 'uploads/images/20210916155139eef983146.jpg', '', '', 1, 1, 1, 0.00, 0, 239, 20, 2, 255, 49.00, 49.00, 70.00, 70.00, 232, 2, 0, 0.00, '<p>品牌名称：<b>LOANNINA</b></p><p><em>产品参数：</em></p><ul><li>品牌:&nbsp;LOANNINA</li><li>适用年龄:&nbsp;18-24周岁</li><li>尺码:&nbsp;XS&nbsp;S&nbsp;M&nbsp;L&nbsp;XL&nbsp;XXL</li><li>面料:&nbsp;其他</li><li>图案:&nbsp;纯色</li><li>风格:&nbsp;通勤</li><li>通勤:&nbsp;韩版</li><li>腰型:&nbsp;高腰</li><li>颜色分类:&nbsp;灰色常规长度【含内衬】</li><li>年份季节:&nbsp;2021年秋季</li><li>销售渠道类型:&nbsp;纯电商(只在线上销售)</li></ul><p></p><p><img src=\"https://img.alicdn.com/imgextra/i4/3191525736/O1CN01spu8Ce1sF8WMpWQpB_!!3191525736.jpg\"/><img src=\"https://img.alicdn.com/imgextra/i2/3191525736/O1CN01p2YLac1sF8WT4uWWK_!!3191525736.jpg\"/><img src=\"https://img.alicdn.com/imgextra/i3/3191525736/O1CN01GOCLrq1sF8WobdRcZ_!!3191525736.jpg\"/><img src=\"https://img.alicdn.com/imgextra/i1/3191525736/O1CN014wTPsL1sF8Woblu6L_!!3191525736.jpg\"/><img src=\"https://img.alicdn.com/imgextra/i3/3191525736/O1CN01UeVwms1sF8WkyCr7m_!!3191525736.jpg\"/><img src=\"https://img.alicdn.com/imgextra/i4/3191525736/O1CN01E3ZIVb1sF8XBZZltw_!!3191525736.jpg\"/><img src=\"https://img.alicdn.com/imgextra/i4/3191525736/O1CN01B2JaGX1sF8WW9PUQf_!!3191525736.jpg\"/><img src=\"https://img.alicdn.com/imgextra/i1/3191525736/O1CN01b1HPeC1sF8WT4wT5q_!!3191525736.jpg\"/><img src=\"https://img.alicdn.com/imgextra/i2/3191525736/O1CN01vpdkGP1sF8WkyuxvH_!!3191525736.jpg\"/><img src=\"https://img.alicdn.com/imgextra/i3/3191525736/O1CN01nSN36C1sF8WPxZ3lo_!!3191525736.jpg\"/><img src=\"https://img.alicdn.com/imgextra/i4/3191525736/O1CN01Hdrhjc1sF8WGi9lE4_!!3191525736.jpg\"/><img src=\"https://img.alicdn.com/imgextra/i1/3191525736/O1CN01T4c5oS1sF8WT4vnWT_!!3191525736.jpg\"/><img src=\"https://img.alicdn.com/imgextra/i2/3191525736/O1CN01mKP3Nx1sF8WjsVTJg_!!3191525736.jpg\"/><img src=\"https://img.alicdn.com/imgextra/i1/3191525736/O1CN0100aZra1sF8WnXuBEs_!!3191525736.jpg\"/><img src=\"https://img.alicdn.com/imgextra/i3/3191525736/O1CN01Xyi3hq1sF8WhHEruO_!!3191525736.jpg\"/><img src=\"https://img.alicdn.com/imgextra/i1/3191525736/O1CN01oWyqlW1sF8WkhSYNU_!!3191525736.jpg\"/><img src=\"https://img.alicdn.com/imgextra/i3/3191525736/O1CN01BMLReH1sF8WjsVXTc_!!3191525736.jpg\"/><img src=\"https://img.alicdn.com/imgextra/i2/3191525736/O1CN01kltC841sF8WpIY7Cq_!!3191525736.jpg\"/></p>', 1631778941, 1631787282, NULL);

INSERT INTO `ls_goods`(`id`, `name`, `code`, `brand_id`, `supplier_id`, `unit_id`, `video`, `status`, `video_source`, `image`, `video_cover`, `poster`, `is_express`, `is_selffetch`, `express_type`, `express_money`, `express_template_id`, `virtual_sales_num`, `stock_warning`, `spec_type`, `sort`, `min_price`, `max_price`, `min_lineation_price`, `max_lineation_price`, `total_stock`, `click_num`, `sales_num`, `sales_money`, `content`, `create_time`, `update_time`, `delete_time`) VALUES (3, '纯欲风甜辣妹短款外套女装春秋季薄款百搭2021新款外搭小开衫上衣', 'T00003', 3, 1, 6, '', 1, 1, 'uploads/images/20210916155724c7c957880.jpg', '', '', 1, 1, 1, 0.00, 0, 29, 20, 2, 255, 39.00, 39.00, 69.00, 69.00, 828, 2, 0, 0.00, '<ul><li>适用年龄:&nbsp;18-24周岁</li><li>尺码:&nbsp;均码</li><li>面料:&nbsp;其他</li><li>图案:&nbsp;纯色</li><li>风格:&nbsp;通勤</li><li>领子:&nbsp;圆领</li><li>衣门襟:&nbsp;单排扣</li><li>颜色分类:&nbsp;灰色两件套 白色两件套 黑色两件套</li><li>袖型:&nbsp;常规</li><li>组合形式:&nbsp;单件</li><li>货号:&nbsp;30213</li><li>成分含量:&nbsp;30%及以下</li><li>年份季节:&nbsp;2021年秋季</li><li>袖长:&nbsp;长袖</li><li>厚薄:&nbsp;薄款</li><li>衣长:&nbsp;短款</li><li>服装版型:&nbsp;直筒</li></ul><p><a></a></p><p><br/></p><p><img src=\"https://img.alicdn.com/imgextra/i3/1050785236/O1CN01KEORKl1oY8Ulr6Cbm_!!1050785236.jpg\"/></p><p>&nbsp;</p><p><img src=\"https://img.alicdn.com/imgextra/i4/1050785236/O1CN01UKj9Ie1oY8UXo608m_!!1050785236.jpg\"/></p><p>&nbsp;</p><p><img src=\"https://img.alicdn.com/imgextra/i4/1050785236/O1CN01x3gCpB1oY8UhwaUvc_!!1050785236.jpg\"/></p><p>&nbsp;</p><p><img src=\"https://img.alicdn.com/imgextra/i4/1050785236/O1CN01uvItHL1oY8UiDMgFo_!!1050785236.jpg\"/></p><p>&nbsp;</p><p><img src=\"https://img.alicdn.com/imgextra/i3/1050785236/O1CN01w8jVWs1oY8Ugb2TCl_!!1050785236.jpg\"/></p><p>&nbsp;</p><p><img src=\"https://img.alicdn.com/imgextra/i1/1050785236/O1CN01S7Zwpa1oY8Ulr6wKK_!!1050785236.jpg\"/></p><p>&nbsp;</p><p><img src=\"https://img.alicdn.com/imgextra/i2/1050785236/O1CN015wZoEr1oY8UiDMoZe_!!1050785236.jpg\"/></p><p>&nbsp;</p><p><img src=\"https://img.alicdn.com/imgextra/i2/1050785236/O1CN01cjqVvP1oY8UhwYgfL_!!1050785236.jpg\"/></p><p>&nbsp;</p><p><img src=\"https://img.alicdn.com/imgextra/i1/1050785236/O1CN01IG6Zd91oY8UnRAlqv_!!1050785236.jpg\"/></p><p>&nbsp;</p><p><img src=\"https://img.alicdn.com/imgextra/i1/1050785236/O1CN01h6xsQy1oY8Uo9lZLp_!!1050785236.jpg\"/></p><p>&nbsp;</p><p><img src=\"https://img.alicdn.com/imgextra/i1/1050785236/O1CN016FO1aw1oY8Ukn0mlc_!!1050785236.jpg\"/></p><p>&nbsp;</p><p><img src=\"https://img.alicdn.com/imgextra/i2/1050785236/O1CN01b6yRuy1oY8UcSAZOv_!!1050785236.jpg\"/></p><p>&nbsp;</p><p><img src=\"https://img.alicdn.com/imgextra/i1/1050785236/O1CN01X52qjA1oY8Ulr7oN6_!!1050785236.jpg\"/></p><p>&nbsp;</p><p><img src=\"https://img.alicdn.com/imgextra/i2/1050785236/O1CN01VsYEDZ1oY8UdvWy8j_!!1050785236.jpg\"/></p><p>&nbsp;</p><p><img src=\"https://img.alicdn.com/imgextra/i4/1050785236/O1CN01ArU4eS1oY8UdvWMhS_!!1050785236.jpg\"/></p><p>&nbsp;</p><p><img src=\"https://img.alicdn.com/imgextra/i2/1050785236/O1CN01lYJVHc1oY8UcSC2sL_!!1050785236.jpg\"/></p><p>&nbsp;</p><p><img src=\"https://img.alicdn.com/imgextra/i1/1050785236/O1CN01sGcEgQ1oY8Uo9jM8A_!!1050785236.jpg\"/></p><p>&nbsp;</p><p><img src=\"https://img.alicdn.com/imgextra/i2/1050785236/O1CN01cObpCT1oY8UjMuFlf_!!1050785236.jpg\"/></p><p>&nbsp;</p><p><img src=\"https://img.alicdn.com/imgextra/i2/1050785236/O1CN01j0QMun1oY8Uo9jURc_!!1050785236.jpg\"/></p><p>&nbsp;</p><p><img src=\"https://img.alicdn.com/imgextra/i4/1050785236/O1CN01Lof33q1oY8UnRBmEt_!!1050785236.jpg\"/></p><p>&nbsp;</p><p><img src=\"https://img.alicdn.com/imgextra/i4/1050785236/O1CN01X1lpF91oY8UjMtRtn_!!1050785236.jpg\"/></p><p>&nbsp;</p><p><img src=\"https://img.alicdn.com/imgextra/i4/1050785236/O1CN01bXN8iW1oY8UjMtRtm_!!1050785236.jpg\"/></p><p>&nbsp;</p><p><img src=\"https://img.alicdn.com/imgextra/i3/1050785236/O1CN01in2ZDP1oY8Uo9mEwL_!!1050785236.jpg\"/></p>', 1631779258, 1631788237, NULL);

INSERT INTO `ls_goods`(`id`, `name`, `code`, `brand_id`, `supplier_id`, `unit_id`, `video`, `status`, `video_source`, `image`, `video_cover`, `poster`, `is_express`, `is_selffetch`, `express_type`, `express_money`, `express_template_id`, `virtual_sales_num`, `stock_warning`, `spec_type`, `sort`, `min_price`, `max_price`, `min_lineation_price`, `max_lineation_price`, `total_stock`, `click_num`, `sales_num`, `sales_money`, `content`, `create_time`, `update_time`, `delete_time`) VALUES (4, '夏季配吊带裙子的外搭雪纺小披肩女2020短款百搭坎肩防晒开衫上衣', 'T00004', 3, 1, 6, '', 1, 1, 'uploads/images/202109161603224f9f14741.jpg', '', '', 1, 1, 1, 0.00, 0, 69, 20, 2, 255, 26.00, 26.00, 79.00, 79.00, 138, 0, 0, 0.00, '<p>品牌名称：<b>米黛雯</b></p><p><em>产品参数：</em></p><ul><li>品牌:&nbsp;米黛雯</li><li>适用年龄:&nbsp;18-24周岁</li><li>尺码:&nbsp;均码</li><li>图案:&nbsp;纯色</li><li>风格:&nbsp;通勤</li><li>颜色分类:&nbsp;白色&nbsp;杏色</li><li>组合形式:&nbsp;单件</li><li><br/></li></ul><p><br/></p><img src=\"https://img.alicdn.com/imgextra/i2/2206488080640/O1CN01sPoEAT1GbA5WgIBYW_!!2206488080640.jpg\" style=\"font-size: 16px;\"/><img src=\"https://img.alicdn.com/imgextra/i4/2206488080640/O1CN012jsz1v1GbA5XNpvwz_!!2206488080640.jpg\" style=\"font-size: 16px;\"/><img src=\"https://img.alicdn.com/imgextra/i2/2206488080640/O1CN016Pahcb1GbA5XiQhK5_!!2206488080640.jpg\" style=\"font-size: 16px;\"/><img src=\"https://img.alicdn.com/imgextra/i2/2206488080640/O1CN01uzjjzC1GbA5QnD7PU_!!2206488080640.jpg\" style=\"font-size: 16px;\"/><img src=\"https://img.alicdn.com/imgextra/i2/2206488080640/O1CN01hKEMp71GbA5XiQ5ur_!!2206488080640.jpg\" style=\"font-size: 16px;\"/><img src=\"https://img.alicdn.com/imgextra/i2/2206488080640/O1CN01YpsbNJ1GbA5Ux4jBd_!!2206488080640.jpg\" style=\"font-size: 16px;\"/><img src=\"https://img.alicdn.com/imgextra/i1/2206488080640/O1CN01bzF1621GbA5SLqOqd_!!2206488080640.jpg\" style=\"font-size: 16px;\"/><img src=\"https://img.alicdn.com/imgextra/i2/2206488080640/O1CN01ka9NJV1GbA5QOoFA9_!!2206488080640.jpg\" style=\"font-size: 16px;\"/><img src=\"https://img.alicdn.com/imgextra/i2/2206488080640/O1CN01GtSSmB1GbA5QnB2Wf_!!2206488080640.jpg\" style=\"font-size: 16px;\"/><img src=\"https://img.alicdn.com/imgextra/i3/2206488080640/O1CN01zNRTLI1GbA5KikAGC_!!2206488080640.jpg\" style=\"font-size: 16px;\"/><img src=\"https://img.alicdn.com/imgextra/i1/2206488080640/O1CN01FjarPE1GbA5TM45cJ_!!2206488080640.jpg\" style=\"font-size: 16px;\"/><span style=\"font-size: 16px;\">&nbsp;</span><p><br/></p><p>&nbsp;</p><p><img src=\"https://img.alicdn.com/imgextra/i2/781204714/O1CN01xgvhko1kh3dyLmQXf_!!781204714.png\"/></p><p>&nbsp;</p><p>&nbsp;</p><p><img src=\"https://img.alicdn.com/imgextra/i1/781204714/O1CN01iLImTs1kh3dy8Uoky_!!781204714.jpg\"/></p><p>&nbsp;</p><p>&nbsp;</p><p><img src=\"https://img.alicdn.com/imgextra/i3/781204714/O1CN01qphHmP1kh3doH9FQl_!!781204714.jpg\"/></p><p>&nbsp;</p><p>&nbsp;</p><p><img src=\"https://img.alicdn.com/imgextra/i1/781204714/O1CN0167UTaT1kh3e0kZqYP_!!781204714.jpg\"/></p><p>&nbsp;</p><p><img src=\"https://img.alicdn.com/imgextra/i2/781204714/O1CN01u03pU71kh3dw4CvKE_!!781204714.jpg\"/></p><p>&nbsp;</p><p>&nbsp;</p><p><img src=\"https://img.alicdn.com/imgextra/i2/781204714/O1CN01byPfIE1kh3dtvUzEC_!!781204714.jpg\"/></p><p>&nbsp;</p><p>&nbsp;</p><p><img src=\"https://img.alicdn.com/imgextra/i1/781204714/O1CN01IJY3nr1kh3e0Mwlyb_!!781204714.jpg\"/></p><p>&nbsp;</p><p>&nbsp;</p><p><img src=\"https://img.alicdn.com/imgextra/i3/781204714/O1CN0190MHHk1kh3dwZYP0o_!!781204714.jpg\"/></p><p><br/></p>', 1631779679, 1631779679, NULL);

INSERT INTO `ls_goods`(`id`, `name`, `code`, `brand_id`, `supplier_id`, `unit_id`, `video`, `status`, `video_source`, `image`, `video_cover`, `poster`, `is_express`, `is_selffetch`, `express_type`, `express_money`, `express_template_id`, `virtual_sales_num`, `stock_warning`, `spec_type`, `sort`, `min_price`, `max_price`, `min_lineation_price`, `max_lineation_price`, `total_stock`, `click_num`, `sales_num`, `sales_money`, `content`, `create_time`, `update_time`, `delete_time`) VALUES (5, 'CONVERSE匡威官方 Chuck 70时尚拼接撞色帆布鞋高帮休闲鞋171124C', 'T00005', 4, 2, 7, '', 1, 1, 'uploads/images/20210916155139ff7af9881.jpg', '', '', 1, 1, 1, 0.00, 0, 456, 20, 2, 255, 459.00, 459.00, 649.00, 649.00, 828, 2, 0, 0.00, '<p>品牌名称：<b>Converse/匡威</b></p><p><em>产品参数：</em></p><ul><li>品牌:&nbsp;Converse/匡威</li><li>颜色分类:&nbsp;绿/蓝/粉/171124C</li><li>吊牌价:&nbsp;649</li><li>款号:&nbsp;S39385-CT219U</li><li>上市时间:&nbsp;2021年冬季</li><li>鞋帮高度:&nbsp;高帮（帮高大于20cm)</li><li>性别:&nbsp;男女通用</li><li>是否商场同款:&nbsp;是</li><li>销售渠道类型:&nbsp;商场同款(线上线下都销售)</li></ul><p><s><b></b></s></p><p><img src=\"https://gdp.alicdn.com/imgextra/i3/1046707508/O1CN019bQxig25KiMukK965_!!1046707508.png\"/><map><area><area><area><area><area><area><area><area></map></p><p><s><b></b></s></p><p><img src=\"https://img.alicdn.com/imgextra/i3/1046707508/O1CN01QqP4Zy25KiIr7HIhB_!!1046707508.jpg\"/><img src=\"https://img.alicdn.com/imgextra/i2/1046707508/O1CN01O6PKS425KiJS3iD4t_!!1046707508.jpg\"/><img src=\"https://img.alicdn.com/imgextra/i2/1046707508/O1CN01TlKJuC25KiJJvSnnd_!!1046707508.jpg\"/><img src=\"https://img.alicdn.com/imgextra/i4/1046707508/O1CN01odNXhV25KiJL499Dc_!!1046707508.jpg\"/><img src=\"https://img.alicdn.com/imgextra/i1/1046707508/O1CN01PWhemW25KiIsPLtau_!!1046707508.jpg\"/><img src=\"https://img.alicdn.com/imgextra/i1/1046707508/O1CN01aDNAI225KiImfA4r0_!!1046707508.jpg\"/><img src=\"https://img.alicdn.com/imgextra/i3/1046707508/O1CN01rBFn8B25KiIqU83DQ_!!1046707508.jpg\"/><img src=\"https://img.alicdn.com/imgextra/i2/1046707508/O1CN01OSBo4625KiJO0XtRr_!!1046707508.jpg\"/><img src=\"https://img.alicdn.com/imgextra/i1/1046707508/O1CN0125Ki8B2DOGM8sPD_!!1046707508.jpg\"/><img src=\"https://img.alicdn.com/imgextra/i2/1046707508/O1CN0125Ki8AATt8j96t4_!!1046707508.jpg\"/><img src=\"https://img.alicdn.com/imgextra/i1/1046707508/O1CN0125Ki89uapMgfpQp_!!1046707508.jpg\"/></p>', 1631780286, 1631788234, NULL);

INSERT INTO `ls_goods`(`id`, `name`, `code`, `brand_id`, `supplier_id`, `unit_id`, `video`, `status`, `video_source`, `image`, `video_cover`, `poster`, `is_express`, `is_selffetch`, `express_type`, `express_money`, `express_template_id`, `virtual_sales_num`, `stock_warning`, `spec_type`, `sort`, `min_price`, `max_price`, `min_lineation_price`, `max_lineation_price`, `total_stock`, `click_num`, `sales_num`, `sales_money`, `content`, `create_time`, `update_time`, `delete_time`) VALUES (6, '明星同款帆布鞋女鞋夏季厚底增高STAR匡威1970s高帮鞋女松糕板鞋', 'T00006', 4, 2, 7, '', 1, 1, 'uploads/images/20210916162021e9a985454.jpg', '', '', 1, 1, 1, 0.00, 0, 179, 20, 2, 255, 169.00, 169.00, 369.00, 369.00, 1656, 0, 0, 0.00, '<ul><li>品牌:&nbsp;STAR/匡威</li><li>闭合方式:&nbsp;系带</li><li>尺码:&nbsp;35 36 37 38 39 40</li><li>图案:&nbsp;纯色</li><li>风格:&nbsp;韩版</li><li>流行元素:&nbsp;交叉绑带</li><li>颜色分类:&nbsp;RUN-579黑色 RUN-579白色 RUN-579米色 W-2362黑色 W-2362白色</li><li>上市年份季节:&nbsp;2021年夏季</li><li>鞋头款式:&nbsp;圆头</li><li>鞋帮高度:&nbsp;高帮（帮高大于20cm)</li><li>鞋底材质:&nbsp;橡胶</li><li>适用对象:&nbsp;青年（18-40周岁） 儿童（18周岁以下）</li><li>鞋制作工艺:&nbsp;硫化工艺</li></ul><p><img src=\"https://img.alicdn.com/imgextra/i3/3463592242/O1CN01XlbauW1SQsfTJUIDZ_!!3463592242.jpg\"/><img src=\"https://img.alicdn.com/imgextra/i1/3463592242/O1CN01oNNVlA1SQsfRykXkh_!!3463592242.jpg\"/><img src=\"https://img.alicdn.com/imgextra/i3/3463592242/O1CN01QKvg7D1SQsfPzWa7N_!!3463592242.jpg\"/><img src=\"https://img.alicdn.com/imgextra/i3/3463592242/O1CN01KFlGl81SQsfTb6m5K_!!3463592242.jpg\"/><img src=\"https://img.alicdn.com/imgextra/i3/3463592242/O1CN014jJ8lP1SQsfYheKBF_!!3463592242.jpg\"/><img src=\"https://img.alicdn.com/imgextra/i4/3463592242/O1CN01VMvGD21SQsfUkyxO3_!!3463592242.jpg\"/><img src=\"https://img.alicdn.com/imgextra/i1/3463592242/O1CN01wc6dmT1SQsfZQnd5z_!!3463592242.jpg\"/><img src=\"https://img.alicdn.com/imgextra/i2/3463592242/O1CN01u8PoP31SQsfXrstb6_!!3463592242.jpg\"/></p>', 1631780566, 1631780566, NULL);

INSERT INTO `ls_goods`(`id`, `name`, `code`, `brand_id`, `supplier_id`, `unit_id`, `video`, `status`, `video_source`, `image`, `video_cover`, `poster`, `is_express`, `is_selffetch`, `express_type`, `express_money`, `express_template_id`, `virtual_sales_num`, `stock_warning`, `spec_type`, `sort`, `min_price`, `max_price`, `min_lineation_price`, `max_lineation_price`, `total_stock`, `click_num`, `sales_num`, `sales_money`, `content`, `create_time`, `update_time`, `delete_time`) VALUES (7, '卡通T恤男夏季上衣男生短袖简约百搭嘻哈潮牌半袖潮流ins宽松体恤', 'T00007', 3, 1, 6, '', 1, 1, 'uploads/images/2021091616260051af23757.jpg', '', '', 1, 1, 1, 0.00, 0, 69, 20, 2, 255, 87.00, 87.00, 128.00, 128.00, 621, 2, 0, 0.00, '<p>品牌名称：<b>铁尚</b></p><p><em>产品参数：</em></p><ul><li>品牌:&nbsp;铁尚</li><li>面料分类:&nbsp;棉毛布</li><li>货号:&nbsp;T21S110637</li><li>基础风格:&nbsp;青春流行</li><li>上市年份季节:&nbsp;2021年夏季</li><li>厚薄:&nbsp;常规</li><li>销售渠道类型:&nbsp;纯电商(只在线上销售)</li></ul><p><s><b></b></s></p><p><img src=\"https://img.alicdn.com/imgextra/i2/2986533613/O1CN01MQlMlw1cYnf5QCD8B_!!2986533613.jpg\"/><img src=\"https://img.alicdn.com/imgextra/i3/2986533613/O1CN01Ee5nlv1cYnf81SUNO_!!2986533613.jpg\"/><img src=\"https://img.alicdn.com/imgextra/i3/2986533613/O1CN01HWJBLF1cYnf5tiR9H_!!2986533613.jpg\"/><img src=\"https://img.alicdn.com/imgextra/i1/2986533613/O1CN01AIUXtU1cYnf5tjiAu_!!2986533613.jpg\"/><img src=\"https://img.alicdn.com/imgextra/i3/2986533613/O1CN01EXoXsE1cYnfB0lwpa_!!2986533613.jpg\"/><img src=\"https://img.alicdn.com/imgextra/i2/2986533613/O1CN01UaMvju1cYnewlUAno_!!2986533613.jpg\"/><img src=\"https://img.alicdn.com/imgextra/i4/2986533613/O1CN01m7ZPYV1cYnf1UCkIH_!!2986533613.jpg\"/><img src=\"https://img.alicdn.com/imgextra/i2/2986533613/O1CN01c0Zbap1cYnfBqOaF0_!!2986533613.jpg\"/><img src=\"https://img.alicdn.com/imgextra/i4/2986533613/O1CN01NUOuTZ1cYnfAK2DRT_!!2986533613.jpg\"/><img src=\"https://img.alicdn.com/imgextra/i3/2986533613/O1CN01FgnDWO1cYnf9JwSVL_!!2986533613.jpg\"/><img src=\"https://img.alicdn.com/imgextra/i4/2986533613/O1CN01sEUSDq1cYnfAJzOo1_!!2986533613.jpg\"/><img src=\"https://img.alicdn.com/imgextra/i3/2986533613/O1CN0191V1TB1cYnfB0nxcQ_!!2986533613.jpg\"/><img src=\"https://img.alicdn.com/imgextra/i4/2986533613/O1CN01ZCGtIO1cYnfAK10bv_!!2986533613.jpg\"/><img src=\"https://img.alicdn.com/imgextra/i2/2986533613/O1CN019NydyU1cYnf5Ma3M2_!!2986533613.jpg\"/><img src=\"https://img.alicdn.com/imgextra/i3/2986533613/O1CN01YOt4zM1cYnfBqNqXR_!!2986533613.jpg\"/></p>', 1631780934, 1631788244, NULL);

INSERT INTO `ls_goods`(`id`, `name`, `code`, `brand_id`, `supplier_id`, `unit_id`, `video`, `status`, `video_source`, `image`, `video_cover`, `poster`, `is_express`, `is_selffetch`, `express_type`, `express_money`, `express_template_id`, `virtual_sales_num`, `stock_warning`, `spec_type`, `sort`, `min_price`, `max_price`, `min_lineation_price`, `max_lineation_price`, `total_stock`, `click_num`, `sales_num`, `sales_money`, `content`, `create_time`, `update_time`, `delete_time`) VALUES (8, '夏季短袖t恤男潮牌宽松港风半袖上衣休闲ins潮流百搭简约大码体恤', 'T00008', 3, 1, 6, '', 1, 1, 'uploads/images/20210916163036cd93a0955.jpg', '', '', 1, 1, 1, 0.00, 0, 13, 20, 2, 255, 38.00, 38.00, 58.00, 58.00, 1035, 0, 0, 0.00, '<p>品牌名称：<b>行更远</b></p><p><em>产品参数：</em></p><ul><li>品牌:&nbsp;行更远</li><li>面料分类:&nbsp;棉毛布</li><li>货号:&nbsp;X-T05177468K</li><li>基础风格:&nbsp;青春流行</li><li>上市年份季节:&nbsp;2021年夏季</li><li>厚薄:&nbsp;常规</li><li>销售渠道类型:&nbsp;纯电商(只在线上销售)</li><li>材质成分:&nbsp;棉100%</li></ul><p><img src=\"https://img.alicdn.com/imgextra/i3/2114506240/O1CN0146JNVJ1vxy84yvQi0_!!2114506240.jpg\"/><img src=\"https://img.alicdn.com/imgextra/i1/2114506240/O1CN014UeS671vxy83mrlO1_!!2114506240.jpg\"/><img src=\"https://img.alicdn.com/imgextra/i2/2114506240/O1CN01io6hxR1vxy89QX26h_!!2114506240.jpg\"/><img src=\"https://img.alicdn.com/imgextra/i4/2114506240/O1CN01KZRXKc1vxy7v7asaF_!!2114506240.jpg\"/></p>', 1631781300, 1631781300, NULL);

INSERT INTO `ls_goods_brand`(`id`, `name`, `image`, `is_show`, `sort`, `create_time`, `update_time`, `delete_time`) VALUES (1, '特步', 'uploads/images/2021091615243155abd5923.png', 1, 255, 1631777090, 1631777090, NULL);

INSERT INTO `ls_goods_brand`(`id`, `name`, `image`, `is_show`, `sort`, `create_time`, `update_time`, `delete_time`) VALUES (2, '李宁', 'uploads/images/20210916152431a103d2883.png', 1, 255, 1631777098, 1631777098, NULL);

INSERT INTO `ls_goods_brand`(`id`, `name`, `image`, `is_show`, `sort`, `create_time`, `update_time`, `delete_time`) VALUES (3, '安踏', 'uploads/images/20210916152431ab5373901.png', 1, 255, 1631777105, 1631777105, NULL);

INSERT INTO `ls_goods_brand`(`id`, `name`, `image`, `is_show`, `sort`, `create_time`, `update_time`, `delete_time`) VALUES (4, '匡威', 'uploads/images/202109161524316b9097638.png', 1, 255, 1631777114, 1631777114, NULL);

INSERT INTO `ls_goods_category`(`id`, `name`, `pid`, `level`, `image`, `sort`, `is_show`, `is_recommend`, `create_time`, `update_time`, `delete_time`) VALUES (1, '男装', 0, 1, 'uploads/images/20210916150615de3f29604.jpg', 255, 1, 0, 1631775996, 1631776107, NULL);

INSERT INTO `ls_goods_category`(`id`, `name`, `pid`, `level`, `image`, `sort`, `is_show`, `is_recommend`, `create_time`, `update_time`, `delete_time`) VALUES (2, '衣服', 1, 2, 'uploads/images/20210916150615de3f29604.jpg', 255, 1, 0, 1631776057, 1631776107, NULL);

INSERT INTO `ls_goods_category`(`id`, `name`, `pid`, `level`, `image`, `sort`, `is_show`, `is_recommend`, `create_time`, `update_time`, `delete_time`) VALUES (3, 'T恤', 2, 3, 'uploads/images/20210916150615faf552486.jpg', 255, 1, 0, 1631776079, 1631776091, NULL);

INSERT INTO `ls_goods_category`(`id`, `name`, `pid`, `level`, `image`, `sort`, `is_show`, `is_recommend`, `create_time`, `update_time`, `delete_time`) VALUES (4, '女装', 0, 1, 'uploads/images/20210916150615e4da05665.jpg', 255, 1, 0, 1631776121, 1631776121, NULL);

INSERT INTO `ls_goods_category`(`id`, `name`, `pid`, `level`, `image`, `sort`, `is_show`, `is_recommend`, `create_time`, `update_time`, `delete_time`) VALUES (5, '裙子', 4, 2, 'uploads/images/20210916150903c62cc0021.jpg', 255, 1, 0, 1631776158, 1631776158, NULL);

INSERT INTO `ls_goods_category`(`id`, `name`, `pid`, `level`, `image`, `sort`, `is_show`, `is_recommend`, `create_time`, `update_time`, `delete_time`) VALUES (6, '连衣裙', 5, 3, 'uploads/images/20210916150903c62cc0021.jpg', 255, 1, 0, 1631776176, 1631776176, NULL);

INSERT INTO `ls_goods_category`(`id`, `name`, `pid`, `level`, `image`, `sort`, `is_show`, `is_recommend`, `create_time`, `update_time`, `delete_time`) VALUES (7, '百褶裙', 5, 3, 'uploads/images/20210916150903004af7942.jpg', 255, 1, 0, 1631776201, 1631776201, NULL);

INSERT INTO `ls_goods_category`(`id`, `name`, `pid`, `level`, `image`, `sort`, `is_show`, `is_recommend`, `create_time`, `update_time`, `delete_time`) VALUES (8, '外搭', 4, 2, 'uploads/images/20210916150903b1ec50577.jpg', 255, 1, 0, 1631776236, 1631776250, NULL);

INSERT INTO `ls_goods_category`(`id`, `name`, `pid`, `level`, `image`, `sort`, `is_show`, `is_recommend`, `create_time`, `update_time`, `delete_time`) VALUES (9, '小外套', 8, 3, 'uploads/images/20210916151123808447791.jpg', 255, 1, 0, 1631776287, 1631776287, NULL);

INSERT INTO `ls_goods_category`(`id`, `name`, `pid`, `level`, `image`, `sort`, `is_show`, `is_recommend`, `create_time`, `update_time`, `delete_time`) VALUES (10, '防晒衣', 8, 3, 'uploads/images/20210916151219b94c01648.png', 255, 1, 0, 1631776343, 1631776343, NULL);

INSERT INTO `ls_goods_category`(`id`, `name`, `pid`, `level`, `image`, `sort`, `is_show`, `is_recommend`, `create_time`, `update_time`, `delete_time`) VALUES (11, '鞋子', 4, 2, 'uploads/images/20210916155139ff7af9881.jpg', 255, 1, 0, 1631779903, 1631779903, NULL);

INSERT INTO `ls_goods_category`(`id`, `name`, `pid`, `level`, `image`, `sort`, `is_show`, `is_recommend`, `create_time`, `update_time`, `delete_time`) VALUES (12, '休闲鞋', 11, 3, 'uploads/images/20210916155139ff7af9881.jpg', 255, 1, 0, 1631779928, 1631779928, NULL);

INSERT INTO `ls_goods_category`(`id`, `name`, `pid`, `level`, `image`, `sort`, `is_show`, `is_recommend`, `create_time`, `update_time`, `delete_time`) VALUES (13, '运动鞋', 11, 3, 'uploads/images/2021091615511633c351274.jpg', 255, 1, 0, 1631779953, 1631779953, NULL);

INSERT INTO `ls_goods_category_index`(`id`, `goods_id`, `category_id`) VALUES (1, 1, 4);

INSERT INTO `ls_goods_category_index`(`id`, `goods_id`, `category_id`) VALUES (2, 1, 5);

INSERT INTO `ls_goods_category_index`(`id`, `goods_id`, `category_id`) VALUES (3, 1, 6);

INSERT INTO `ls_goods_category_index`(`id`, `goods_id`, `category_id`) VALUES (4, 2, 4);

INSERT INTO `ls_goods_category_index`(`id`, `goods_id`, `category_id`) VALUES (5, 2, 5);

INSERT INTO `ls_goods_category_index`(`id`, `goods_id`, `category_id`) VALUES (6, 2, 7);

INSERT INTO `ls_goods_category_index`(`id`, `goods_id`, `category_id`) VALUES (7, 3, 4);

INSERT INTO `ls_goods_category_index`(`id`, `goods_id`, `category_id`) VALUES (8, 3, 8);

INSERT INTO `ls_goods_category_index`(`id`, `goods_id`, `category_id`) VALUES (9, 3, 9);

INSERT INTO `ls_goods_category_index`(`id`, `goods_id`, `category_id`) VALUES (10, 4, 4);

INSERT INTO `ls_goods_category_index`(`id`, `goods_id`, `category_id`) VALUES (11, 4, 8);

INSERT INTO `ls_goods_category_index`(`id`, `goods_id`, `category_id`) VALUES (12, 4, 10);

INSERT INTO `ls_goods_category_index`(`id`, `goods_id`, `category_id`) VALUES (13, 5, 4);

INSERT INTO `ls_goods_category_index`(`id`, `goods_id`, `category_id`) VALUES (14, 5, 11);

INSERT INTO `ls_goods_category_index`(`id`, `goods_id`, `category_id`) VALUES (15, 5, 12);

INSERT INTO `ls_goods_category_index`(`id`, `goods_id`, `category_id`) VALUES (16, 6, 4);

INSERT INTO `ls_goods_category_index`(`id`, `goods_id`, `category_id`) VALUES (17, 6, 11);

INSERT INTO `ls_goods_category_index`(`id`, `goods_id`, `category_id`) VALUES (18, 6, 13);

INSERT INTO `ls_goods_category_index`(`id`, `goods_id`, `category_id`) VALUES (19, 7, 1);

INSERT INTO `ls_goods_category_index`(`id`, `goods_id`, `category_id`) VALUES (20, 7, 2);

INSERT INTO `ls_goods_category_index`(`id`, `goods_id`, `category_id`) VALUES (21, 7, 3);

INSERT INTO `ls_goods_category_index`(`id`, `goods_id`, `category_id`) VALUES (22, 8, 1);

INSERT INTO `ls_goods_category_index`(`id`, `goods_id`, `category_id`) VALUES (23, 8, 2);

INSERT INTO `ls_goods_category_index`(`id`, `goods_id`, `category_id`) VALUES (24, 8, 3);

INSERT INTO `ls_goods_image`(`id`, `goods_id`, `uri`) VALUES (1, 1, 'uploads/images/202109161535507d0701755.jpg');

INSERT INTO `ls_goods_image`(`id`, `goods_id`, `uri`) VALUES (2, 1, 'uploads/images/2021091615355048ac82932.jpg');

INSERT INTO `ls_goods_image`(`id`, `goods_id`, `uri`) VALUES (3, 1, 'uploads/images/20210916153550fd09e5149.jpg');

INSERT INTO `ls_goods_image`(`id`, `goods_id`, `uri`) VALUES (4, 2, 'uploads/images/20210916155155e30274391.jpg');

INSERT INTO `ls_goods_image`(`id`, `goods_id`, `uri`) VALUES (5, 2, 'uploads/images/20210916155155fc2e41794.jpg');

INSERT INTO `ls_goods_image`(`id`, `goods_id`, `uri`) VALUES (6, 3, 'uploads/images/2021091615572484b5b1876.jpg');

INSERT INTO `ls_goods_image`(`id`, `goods_id`, `uri`) VALUES (7, 3, 'uploads/images/20210916155724efede4434.jpg');

INSERT INTO `ls_goods_image`(`id`, `goods_id`, `uri`) VALUES (8, 3, 'uploads/images/20210916155724295ee7245.jpg');

INSERT INTO `ls_goods_image`(`id`, `goods_id`, `uri`) VALUES (9, 4, 'uploads/images/202109161603231b8fe7840.jpg');

INSERT INTO `ls_goods_image`(`id`, `goods_id`, `uri`) VALUES (10, 4, 'uploads/images/2021091616032275fef4789.jpg');

INSERT INTO `ls_goods_image`(`id`, `goods_id`, `uri`) VALUES (11, 5, 'uploads/images/202109161613529af9a2568.jpg');

INSERT INTO `ls_goods_image`(`id`, `goods_id`, `uri`) VALUES (12, 5, 'uploads/images/2021091616135221b156905.jpg');

INSERT INTO `ls_goods_image`(`id`, `goods_id`, `uri`) VALUES (13, 5, 'uploads/images/202109161613525fe939131.jpg');

INSERT INTO `ls_goods_image`(`id`, `goods_id`, `uri`) VALUES (14, 5, 'uploads/images/202109161613523f19a9136.jpg');

INSERT INTO `ls_goods_image`(`id`, `goods_id`, `uri`) VALUES (15, 6, 'uploads/images/202109161620215c2f67832.jpg');

INSERT INTO `ls_goods_image`(`id`, `goods_id`, `uri`) VALUES (16, 6, 'uploads/images/202109161620213e0779674.jpg');

INSERT INTO `ls_goods_image`(`id`, `goods_id`, `uri`) VALUES (17, 7, 'uploads/images/2021091616260038b919667.jpg');

INSERT INTO `ls_goods_image`(`id`, `goods_id`, `uri`) VALUES (18, 7, 'uploads/images/20210916162600c7dcb5795.jpg');

INSERT INTO `ls_goods_image`(`id`, `goods_id`, `uri`) VALUES (19, 8, 'uploads/images/202109161630361fa990382.jpg');

INSERT INTO `ls_goods_image`(`id`, `goods_id`, `uri`) VALUES (20, 8, 'uploads/images/20210916163036140d73901.jpg');

INSERT INTO `ls_goods_item`(`id`, `image`, `goods_id`, `spec_value_ids`, `spec_value_str`, `sell_price`, `lineation_price`, `cost_price`, `stock`, `volume`, `weight`, `bar_code`) VALUES (1, '', 1, '1,5', 'S,葡萄红', 169.88, 269.99, 69.00, 69, 1.00, 1.00, '');

INSERT INTO `ls_goods_item`(`id`, `image`, `goods_id`, `spec_value_ids`, `spec_value_str`, `sell_price`, `lineation_price`, `cost_price`, `stock`, `volume`, `weight`, `bar_code`) VALUES (2, '', 1, '1,6', 'S,珍珠白', 169.88, 269.99, 69.00, 69, 1.00, 1.00, '');

INSERT INTO `ls_goods_item`(`id`, `image`, `goods_id`, `spec_value_ids`, `spec_value_str`, `sell_price`, `lineation_price`, `cost_price`, `stock`, `volume`, `weight`, `bar_code`) VALUES (3, '', 1, '2,5', 'M,葡萄红', 169.88, 269.99, 69.00, 69, 1.00, 1.00, '');

INSERT INTO `ls_goods_item`(`id`, `image`, `goods_id`, `spec_value_ids`, `spec_value_str`, `sell_price`, `lineation_price`, `cost_price`, `stock`, `volume`, `weight`, `bar_code`) VALUES (4, '', 1, '2,6', 'M,珍珠白', 169.88, 269.99, 69.00, 69, 1.00, 1.00, '');

INSERT INTO `ls_goods_item`(`id`, `image`, `goods_id`, `spec_value_ids`, `spec_value_str`, `sell_price`, `lineation_price`, `cost_price`, `stock`, `volume`, `weight`, `bar_code`) VALUES (5, '', 1, '3,5', 'L,葡萄红', 169.88, 269.99, 69.00, 69, 1.00, 1.00, '');

INSERT INTO `ls_goods_item`(`id`, `image`, `goods_id`, `spec_value_ids`, `spec_value_str`, `sell_price`, `lineation_price`, `cost_price`, `stock`, `volume`, `weight`, `bar_code`) VALUES (6, '', 1, '3,6', 'L,珍珠白', 169.88, 269.99, 69.00, 69, 1.00, 1.00, '');

INSERT INTO `ls_goods_item`(`id`, `image`, `goods_id`, `spec_value_ids`, `spec_value_str`, `sell_price`, `lineation_price`, `cost_price`, `stock`, `volume`, `weight`, `bar_code`) VALUES (7, '', 1, '4,5', 'XL,葡萄红', 169.88, 269.99, 69.00, 69, 1.00, 1.00, '');

INSERT INTO `ls_goods_item`(`id`, `image`, `goods_id`, `spec_value_ids`, `spec_value_str`, `sell_price`, `lineation_price`, `cost_price`, `stock`, `volume`, `weight`, `bar_code`) VALUES (8, '', 1, '4,6', 'XL,珍珠白', 169.88, 269.99, 69.00, 69, 1.00, 1.00, '');

INSERT INTO `ls_goods_item`(`id`, `image`, `goods_id`, `spec_value_ids`, `spec_value_str`, `sell_price`, `lineation_price`, `cost_price`, `stock`, `volume`, `weight`, `bar_code`) VALUES (9, '', 2, '7', 'S', 49.00, 70.00, 19.00, 58, 1.00, 1.00, '');

INSERT INTO `ls_goods_item`(`id`, `image`, `goods_id`, `spec_value_ids`, `spec_value_str`, `sell_price`, `lineation_price`, `cost_price`, `stock`, `volume`, `weight`, `bar_code`) VALUES (10, '', 2, '8', 'M', 49.00, 70.00, 19.00, 58, 1.00, 1.00, '');

INSERT INTO `ls_goods_item`(`id`, `image`, `goods_id`, `spec_value_ids`, `spec_value_str`, `sell_price`, `lineation_price`, `cost_price`, `stock`, `volume`, `weight`, `bar_code`) VALUES (11, '', 2, '9', 'L', 49.00, 70.00, 19.00, 58, 1.00, 1.00, '');

INSERT INTO `ls_goods_item`(`id`, `image`, `goods_id`, `spec_value_ids`, `spec_value_str`, `sell_price`, `lineation_price`, `cost_price`, `stock`, `volume`, `weight`, `bar_code`) VALUES (12, '', 2, '10', 'XL', 49.00, 70.00, 19.00, 58, 1.00, 1.00, '');

INSERT INTO `ls_goods_item`(`id`, `image`, `goods_id`, `spec_value_ids`, `spec_value_str`, `sell_price`, `lineation_price`, `cost_price`, `stock`, `volume`, `weight`, `bar_code`) VALUES (13, '', 3, '11,15', 'S,灰色', 39.00, 69.00, 16.00, 69, 1.00, 1.00, '');

INSERT INTO `ls_goods_item`(`id`, `image`, `goods_id`, `spec_value_ids`, `spec_value_str`, `sell_price`, `lineation_price`, `cost_price`, `stock`, `volume`, `weight`, `bar_code`) VALUES (14, '', 3, '11,16', 'S,白色', 39.00, 69.00, 16.00, 69, 1.00, 1.00, '');

INSERT INTO `ls_goods_item`(`id`, `image`, `goods_id`, `spec_value_ids`, `spec_value_str`, `sell_price`, `lineation_price`, `cost_price`, `stock`, `volume`, `weight`, `bar_code`) VALUES (15, '', 3, '11,17', 'S,黑色', 39.00, 69.00, 16.00, 69, 1.00, 1.00, '');

INSERT INTO `ls_goods_item`(`id`, `image`, `goods_id`, `spec_value_ids`, `spec_value_str`, `sell_price`, `lineation_price`, `cost_price`, `stock`, `volume`, `weight`, `bar_code`) VALUES (16, '', 3, '12,15', 'M,灰色', 39.00, 69.00, 16.00, 69, 1.00, 1.00, '');

INSERT INTO `ls_goods_item`(`id`, `image`, `goods_id`, `spec_value_ids`, `spec_value_str`, `sell_price`, `lineation_price`, `cost_price`, `stock`, `volume`, `weight`, `bar_code`) VALUES (17, '', 3, '12,16', 'M,白色', 39.00, 69.00, 16.00, 69, 1.00, 1.00, '');

INSERT INTO `ls_goods_item`(`id`, `image`, `goods_id`, `spec_value_ids`, `spec_value_str`, `sell_price`, `lineation_price`, `cost_price`, `stock`, `volume`, `weight`, `bar_code`) VALUES (18, '', 3, '12,17', 'M,黑色', 39.00, 69.00, 16.00, 69, 1.00, 1.00, '');

INSERT INTO `ls_goods_item`(`id`, `image`, `goods_id`, `spec_value_ids`, `spec_value_str`, `sell_price`, `lineation_price`, `cost_price`, `stock`, `volume`, `weight`, `bar_code`) VALUES (19, '', 3, '13,15', 'L,灰色', 39.00, 69.00, 16.00, 69, 1.00, 1.00, '');

INSERT INTO `ls_goods_item`(`id`, `image`, `goods_id`, `spec_value_ids`, `spec_value_str`, `sell_price`, `lineation_price`, `cost_price`, `stock`, `volume`, `weight`, `bar_code`) VALUES (20, '', 3, '13,16', 'L,白色', 39.00, 69.00, 16.00, 69, 1.00, 1.00, '');

INSERT INTO `ls_goods_item`(`id`, `image`, `goods_id`, `spec_value_ids`, `spec_value_str`, `sell_price`, `lineation_price`, `cost_price`, `stock`, `volume`, `weight`, `bar_code`) VALUES (21, '', 3, '13,17', 'L,黑色', 39.00, 69.00, 16.00, 69, 1.00, 1.00, '');

INSERT INTO `ls_goods_item`(`id`, `image`, `goods_id`, `spec_value_ids`, `spec_value_str`, `sell_price`, `lineation_price`, `cost_price`, `stock`, `volume`, `weight`, `bar_code`) VALUES (22, '', 3, '14,15', 'XL,灰色', 39.00, 69.00, 16.00, 69, 1.00, 1.00, '');

INSERT INTO `ls_goods_item`(`id`, `image`, `goods_id`, `spec_value_ids`, `spec_value_str`, `sell_price`, `lineation_price`, `cost_price`, `stock`, `volume`, `weight`, `bar_code`) VALUES (23, '', 3, '14,16', 'XL,白色', 39.00, 69.00, 16.00, 69, 1.00, 1.00, '');

INSERT INTO `ls_goods_item`(`id`, `image`, `goods_id`, `spec_value_ids`, `spec_value_str`, `sell_price`, `lineation_price`, `cost_price`, `stock`, `volume`, `weight`, `bar_code`) VALUES (24, '', 3, '14,17', 'XL,黑色', 39.00, 69.00, 16.00, 69, 1.00, 1.00, '');

INSERT INTO `ls_goods_item`(`id`, `image`, `goods_id`, `spec_value_ids`, `spec_value_str`, `sell_price`, `lineation_price`, `cost_price`, `stock`, `volume`, `weight`, `bar_code`) VALUES (25, '', 4, '18,19', '均码,珍珠白', 26.00, 79.00, 10.00, 69, 1.00, 1.00, '');

INSERT INTO `ls_goods_item`(`id`, `image`, `goods_id`, `spec_value_ids`, `spec_value_str`, `sell_price`, `lineation_price`, `cost_price`, `stock`, `volume`, `weight`, `bar_code`) VALUES (26, '', 4, '18,20', '均码,仙女绿', 26.00, 79.00, 10.00, 69, 1.00, 1.00, '');

INSERT INTO `ls_goods_item`(`id`, `image`, `goods_id`, `spec_value_ids`, `spec_value_str`, `sell_price`, `lineation_price`, `cost_price`, `stock`, `volume`, `weight`, `bar_code`) VALUES (27, '', 5, '21', '35', 459.00, 649.00, 160.00, 69, 1.00, 1.00, '');

INSERT INTO `ls_goods_item`(`id`, `image`, `goods_id`, `spec_value_ids`, `spec_value_str`, `sell_price`, `lineation_price`, `cost_price`, `stock`, `volume`, `weight`, `bar_code`) VALUES (28, '', 5, '22', '36', 459.00, 649.00, 160.00, 69, 1.00, 1.00, '');

INSERT INTO `ls_goods_item`(`id`, `image`, `goods_id`, `spec_value_ids`, `spec_value_str`, `sell_price`, `lineation_price`, `cost_price`, `stock`, `volume`, `weight`, `bar_code`) VALUES (29, '', 5, '23', '36.5', 459.00, 649.00, 160.00, 69, 1.00, 1.00, '');

INSERT INTO `ls_goods_item`(`id`, `image`, `goods_id`, `spec_value_ids`, `spec_value_str`, `sell_price`, `lineation_price`, `cost_price`, `stock`, `volume`, `weight`, `bar_code`) VALUES (30, '', 5, '24', '37', 459.00, 649.00, 160.00, 69, 1.00, 1.00, '');

INSERT INTO `ls_goods_item`(`id`, `image`, `goods_id`, `spec_value_ids`, `spec_value_str`, `sell_price`, `lineation_price`, `cost_price`, `stock`, `volume`, `weight`, `bar_code`) VALUES (31, '', 5, '25', '37.5', 459.00, 649.00, 160.00, 69, 1.00, 1.00, '');

INSERT INTO `ls_goods_item`(`id`, `image`, `goods_id`, `spec_value_ids`, `spec_value_str`, `sell_price`, `lineation_price`, `cost_price`, `stock`, `volume`, `weight`, `bar_code`) VALUES (32, '', 5, '26', '38', 459.00, 649.00, 160.00, 69, 1.00, 1.00, '');

INSERT INTO `ls_goods_item`(`id`, `image`, `goods_id`, `spec_value_ids`, `spec_value_str`, `sell_price`, `lineation_price`, `cost_price`, `stock`, `volume`, `weight`, `bar_code`) VALUES (33, '', 5, '27', '39', 459.00, 649.00, 160.00, 69, 1.00, 1.00, '');

INSERT INTO `ls_goods_item`(`id`, `image`, `goods_id`, `spec_value_ids`, `spec_value_str`, `sell_price`, `lineation_price`, `cost_price`, `stock`, `volume`, `weight`, `bar_code`) VALUES (34, '', 5, '28', '40', 459.00, 649.00, 160.00, 69, 1.00, 1.00, '');

INSERT INTO `ls_goods_item`(`id`, `image`, `goods_id`, `spec_value_ids`, `spec_value_str`, `sell_price`, `lineation_price`, `cost_price`, `stock`, `volume`, `weight`, `bar_code`) VALUES (35, '', 5, '29', '41', 459.00, 649.00, 160.00, 69, 1.00, 1.00, '');

INSERT INTO `ls_goods_item`(`id`, `image`, `goods_id`, `spec_value_ids`, `spec_value_str`, `sell_price`, `lineation_price`, `cost_price`, `stock`, `volume`, `weight`, `bar_code`) VALUES (36, '', 5, '30', '41.5', 459.00, 649.00, 160.00, 69, 1.00, 1.00, '');

INSERT INTO `ls_goods_item`(`id`, `image`, `goods_id`, `spec_value_ids`, `spec_value_str`, `sell_price`, `lineation_price`, `cost_price`, `stock`, `volume`, `weight`, `bar_code`) VALUES (37, '', 5, '31', '42', 459.00, 649.00, 160.00, 69, 1.00, 1.00, '');

INSERT INTO `ls_goods_item`(`id`, `image`, `goods_id`, `spec_value_ids`, `spec_value_str`, `sell_price`, `lineation_price`, `cost_price`, `stock`, `volume`, `weight`, `bar_code`) VALUES (38, '', 5, '32', '42.5', 459.00, 649.00, 160.00, 69, 1.00, 1.00, '');

INSERT INTO `ls_goods_item`(`id`, `image`, `goods_id`, `spec_value_ids`, `spec_value_str`, `sell_price`, `lineation_price`, `cost_price`, `stock`, `volume`, `weight`, `bar_code`) VALUES (39, '', 6, '33,39', '35,白色', 169.00, 369.00, 56.00, 69, 1.00, 1.00, '');

INSERT INTO `ls_goods_item`(`id`, `image`, `goods_id`, `spec_value_ids`, `spec_value_str`, `sell_price`, `lineation_price`, `cost_price`, `stock`, `volume`, `weight`, `bar_code`) VALUES (40, '', 6, '33,40', '35,黑色', 169.00, 369.00, 56.00, 69, 1.00, 1.00, '');

INSERT INTO `ls_goods_item`(`id`, `image`, `goods_id`, `spec_value_ids`, `spec_value_str`, `sell_price`, `lineation_price`, `cost_price`, `stock`, `volume`, `weight`, `bar_code`) VALUES (41, '', 6, '33,41', '35,灰色', 169.00, 369.00, 56.00, 69, 1.00, 1.00, '');

INSERT INTO `ls_goods_item`(`id`, `image`, `goods_id`, `spec_value_ids`, `spec_value_str`, `sell_price`, `lineation_price`, `cost_price`, `stock`, `volume`, `weight`, `bar_code`) VALUES (42, '', 6, '33,42', '35,米色', 169.00, 369.00, 56.00, 69, 1.00, 1.00, '');

INSERT INTO `ls_goods_item`(`id`, `image`, `goods_id`, `spec_value_ids`, `spec_value_str`, `sell_price`, `lineation_price`, `cost_price`, `stock`, `volume`, `weight`, `bar_code`) VALUES (43, '', 6, '34,39', '36,白色', 169.00, 369.00, 56.00, 69, 1.00, 1.00, '');

INSERT INTO `ls_goods_item`(`id`, `image`, `goods_id`, `spec_value_ids`, `spec_value_str`, `sell_price`, `lineation_price`, `cost_price`, `stock`, `volume`, `weight`, `bar_code`) VALUES (44, '', 6, '34,40', '36,黑色', 169.00, 369.00, 56.00, 69, 1.00, 1.00, '');

INSERT INTO `ls_goods_item`(`id`, `image`, `goods_id`, `spec_value_ids`, `spec_value_str`, `sell_price`, `lineation_price`, `cost_price`, `stock`, `volume`, `weight`, `bar_code`) VALUES (45, '', 6, '34,41', '36,灰色', 169.00, 369.00, 56.00, 69, 1.00, 1.00, '');

INSERT INTO `ls_goods_item`(`id`, `image`, `goods_id`, `spec_value_ids`, `spec_value_str`, `sell_price`, `lineation_price`, `cost_price`, `stock`, `volume`, `weight`, `bar_code`) VALUES (46, '', 6, '34,42', '36,米色', 169.00, 369.00, 56.00, 69, 1.00, 1.00, '');

INSERT INTO `ls_goods_item`(`id`, `image`, `goods_id`, `spec_value_ids`, `spec_value_str`, `sell_price`, `lineation_price`, `cost_price`, `stock`, `volume`, `weight`, `bar_code`) VALUES (47, '', 6, '35,39', '37,白色', 169.00, 369.00, 56.00, 69, 1.00, 1.00, '');

INSERT INTO `ls_goods_item`(`id`, `image`, `goods_id`, `spec_value_ids`, `spec_value_str`, `sell_price`, `lineation_price`, `cost_price`, `stock`, `volume`, `weight`, `bar_code`) VALUES (48, '', 6, '35,40', '37,黑色', 169.00, 369.00, 56.00, 69, 1.00, 1.00, '');

INSERT INTO `ls_goods_item`(`id`, `image`, `goods_id`, `spec_value_ids`, `spec_value_str`, `sell_price`, `lineation_price`, `cost_price`, `stock`, `volume`, `weight`, `bar_code`) VALUES (49, '', 6, '35,41', '37,灰色', 169.00, 369.00, 56.00, 69, 1.00, 1.00, '');

INSERT INTO `ls_goods_item`(`id`, `image`, `goods_id`, `spec_value_ids`, `spec_value_str`, `sell_price`, `lineation_price`, `cost_price`, `stock`, `volume`, `weight`, `bar_code`) VALUES (50, '', 6, '35,42', '37,米色', 169.00, 369.00, 56.00, 69, 1.00, 1.00, '');

INSERT INTO `ls_goods_item`(`id`, `image`, `goods_id`, `spec_value_ids`, `spec_value_str`, `sell_price`, `lineation_price`, `cost_price`, `stock`, `volume`, `weight`, `bar_code`) VALUES (51, '', 6, '36,39', '38,白色', 169.00, 369.00, 56.00, 69, 1.00, 1.00, '');

INSERT INTO `ls_goods_item`(`id`, `image`, `goods_id`, `spec_value_ids`, `spec_value_str`, `sell_price`, `lineation_price`, `cost_price`, `stock`, `volume`, `weight`, `bar_code`) VALUES (52, '', 6, '36,40', '38,黑色', 169.00, 369.00, 56.00, 69, 1.00, 1.00, '');

INSERT INTO `ls_goods_item`(`id`, `image`, `goods_id`, `spec_value_ids`, `spec_value_str`, `sell_price`, `lineation_price`, `cost_price`, `stock`, `volume`, `weight`, `bar_code`) VALUES (53, '', 6, '36,41', '38,灰色', 169.00, 369.00, 56.00, 69, 1.00, 1.00, '');

INSERT INTO `ls_goods_item`(`id`, `image`, `goods_id`, `spec_value_ids`, `spec_value_str`, `sell_price`, `lineation_price`, `cost_price`, `stock`, `volume`, `weight`, `bar_code`) VALUES (54, '', 6, '36,42', '38,米色', 169.00, 369.00, 56.00, 69, 1.00, 1.00, '');

INSERT INTO `ls_goods_item`(`id`, `image`, `goods_id`, `spec_value_ids`, `spec_value_str`, `sell_price`, `lineation_price`, `cost_price`, `stock`, `volume`, `weight`, `bar_code`) VALUES (55, '', 6, '37,39', '39,白色', 169.00, 369.00, 56.00, 69, 1.00, 1.00, '');

INSERT INTO `ls_goods_item`(`id`, `image`, `goods_id`, `spec_value_ids`, `spec_value_str`, `sell_price`, `lineation_price`, `cost_price`, `stock`, `volume`, `weight`, `bar_code`) VALUES (56, '', 6, '37,40', '39,黑色', 169.00, 369.00, 56.00, 69, 1.00, 1.00, '');

INSERT INTO `ls_goods_item`(`id`, `image`, `goods_id`, `spec_value_ids`, `spec_value_str`, `sell_price`, `lineation_price`, `cost_price`, `stock`, `volume`, `weight`, `bar_code`) VALUES (57, '', 6, '37,41', '39,灰色', 169.00, 369.00, 56.00, 69, 1.00, 1.00, '');

INSERT INTO `ls_goods_item`(`id`, `image`, `goods_id`, `spec_value_ids`, `spec_value_str`, `sell_price`, `lineation_price`, `cost_price`, `stock`, `volume`, `weight`, `bar_code`) VALUES (58, '', 6, '37,42', '39,米色', 169.00, 369.00, 56.00, 69, 1.00, 1.00, '');

INSERT INTO `ls_goods_item`(`id`, `image`, `goods_id`, `spec_value_ids`, `spec_value_str`, `sell_price`, `lineation_price`, `cost_price`, `stock`, `volume`, `weight`, `bar_code`) VALUES (59, '', 6, '38,39', '40,白色', 169.00, 369.00, 56.00, 69, 1.00, 1.00, '');

INSERT INTO `ls_goods_item`(`id`, `image`, `goods_id`, `spec_value_ids`, `spec_value_str`, `sell_price`, `lineation_price`, `cost_price`, `stock`, `volume`, `weight`, `bar_code`) VALUES (60, '', 6, '38,40', '40,黑色', 169.00, 369.00, 56.00, 69, 1.00, 1.00, '');

INSERT INTO `ls_goods_item`(`id`, `image`, `goods_id`, `spec_value_ids`, `spec_value_str`, `sell_price`, `lineation_price`, `cost_price`, `stock`, `volume`, `weight`, `bar_code`) VALUES (61, '', 6, '38,41', '40,灰色', 169.00, 369.00, 56.00, 69, 1.00, 1.00, '');

INSERT INTO `ls_goods_item`(`id`, `image`, `goods_id`, `spec_value_ids`, `spec_value_str`, `sell_price`, `lineation_price`, `cost_price`, `stock`, `volume`, `weight`, `bar_code`) VALUES (62, '', 6, '38,42', '40,米色', 169.00, 369.00, 56.00, 69, 1.00, 1.00, '');

INSERT INTO `ls_goods_item`(`id`, `image`, `goods_id`, `spec_value_ids`, `spec_value_str`, `sell_price`, `lineation_price`, `cost_price`, `stock`, `volume`, `weight`, `bar_code`) VALUES (63, '', 7, '43,46', 'M,牛油果绿', 87.00, 128.00, 20.00, 69, 1.00, 1.00, '');

INSERT INTO `ls_goods_item`(`id`, `image`, `goods_id`, `spec_value_ids`, `spec_value_str`, `sell_price`, `lineation_price`, `cost_price`, `stock`, `volume`, `weight`, `bar_code`) VALUES (64, '', 7, '43,47', 'M,太空灰', 87.00, 128.00, 20.00, 69, 1.00, 1.00, '');

INSERT INTO `ls_goods_item`(`id`, `image`, `goods_id`, `spec_value_ids`, `spec_value_str`, `sell_price`, `lineation_price`, `cost_price`, `stock`, `volume`, `weight`, `bar_code`) VALUES (65, '', 7, '43,48', 'M,珍珠白', 87.00, 128.00, 20.00, 69, 1.00, 1.00, '');

INSERT INTO `ls_goods_item`(`id`, `image`, `goods_id`, `spec_value_ids`, `spec_value_str`, `sell_price`, `lineation_price`, `cost_price`, `stock`, `volume`, `weight`, `bar_code`) VALUES (66, '', 7, '44,46', 'L,牛油果绿', 87.00, 128.00, 20.00, 69, 1.00, 1.00, '');

INSERT INTO `ls_goods_item`(`id`, `image`, `goods_id`, `spec_value_ids`, `spec_value_str`, `sell_price`, `lineation_price`, `cost_price`, `stock`, `volume`, `weight`, `bar_code`) VALUES (67, '', 7, '44,47', 'L,太空灰', 87.00, 128.00, 20.00, 69, 1.00, 1.00, '');

INSERT INTO `ls_goods_item`(`id`, `image`, `goods_id`, `spec_value_ids`, `spec_value_str`, `sell_price`, `lineation_price`, `cost_price`, `stock`, `volume`, `weight`, `bar_code`) VALUES (68, '', 7, '44,48', 'L,珍珠白', 87.00, 128.00, 20.00, 69, 1.00, 1.00, '');

INSERT INTO `ls_goods_item`(`id`, `image`, `goods_id`, `spec_value_ids`, `spec_value_str`, `sell_price`, `lineation_price`, `cost_price`, `stock`, `volume`, `weight`, `bar_code`) VALUES (69, '', 7, '45,46', 'XL,牛油果绿', 87.00, 128.00, 20.00, 69, 1.00, 1.00, '');

INSERT INTO `ls_goods_item`(`id`, `image`, `goods_id`, `spec_value_ids`, `spec_value_str`, `sell_price`, `lineation_price`, `cost_price`, `stock`, `volume`, `weight`, `bar_code`) VALUES (70, '', 7, '45,47', 'XL,太空灰', 87.00, 128.00, 20.00, 69, 1.00, 1.00, '');

INSERT INTO `ls_goods_item`(`id`, `image`, `goods_id`, `spec_value_ids`, `spec_value_str`, `sell_price`, `lineation_price`, `cost_price`, `stock`, `volume`, `weight`, `bar_code`) VALUES (71, '', 7, '45,48', 'XL,珍珠白', 87.00, 128.00, 20.00, 69, 1.00, 1.00, '');

INSERT INTO `ls_goods_item`(`id`, `image`, `goods_id`, `spec_value_ids`, `spec_value_str`, `sell_price`, `lineation_price`, `cost_price`, `stock`, `volume`, `weight`, `bar_code`) VALUES (72, '', 8, '49,54', 'S,猛男粉', 38.00, 58.00, 6.00, 69, 1.00, 1.00, '');

INSERT INTO `ls_goods_item`(`id`, `image`, `goods_id`, `spec_value_ids`, `spec_value_str`, `sell_price`, `lineation_price`, `cost_price`, `stock`, `volume`, `weight`, `bar_code`) VALUES (73, '', 8, '49,55', 'S,直男蓝', 38.00, 58.00, 6.00, 69, 1.00, 1.00, '');

INSERT INTO `ls_goods_item`(`id`, `image`, `goods_id`, `spec_value_ids`, `spec_value_str`, `sell_price`, `lineation_price`, `cost_price`, `stock`, `volume`, `weight`, `bar_code`) VALUES (74, '', 8, '49,56', 'S,熟男白', 38.00, 58.00, 6.00, 69, 1.00, 1.00, '');

INSERT INTO `ls_goods_item`(`id`, `image`, `goods_id`, `spec_value_ids`, `spec_value_str`, `sell_price`, `lineation_price`, `cost_price`, `stock`, `volume`, `weight`, `bar_code`) VALUES (75, '', 8, '50,54', 'M,猛男粉', 38.00, 58.00, 6.00, 69, 1.00, 1.00, '');

INSERT INTO `ls_goods_item`(`id`, `image`, `goods_id`, `spec_value_ids`, `spec_value_str`, `sell_price`, `lineation_price`, `cost_price`, `stock`, `volume`, `weight`, `bar_code`) VALUES (76, '', 8, '50,55', 'M,直男蓝', 38.00, 58.00, 6.00, 69, 1.00, 1.00, '');

INSERT INTO `ls_goods_item`(`id`, `image`, `goods_id`, `spec_value_ids`, `spec_value_str`, `sell_price`, `lineation_price`, `cost_price`, `stock`, `volume`, `weight`, `bar_code`) VALUES (77, '', 8, '50,56', 'M,熟男白', 38.00, 58.00, 6.00, 69, 1.00, 1.00, '');

INSERT INTO `ls_goods_item`(`id`, `image`, `goods_id`, `spec_value_ids`, `spec_value_str`, `sell_price`, `lineation_price`, `cost_price`, `stock`, `volume`, `weight`, `bar_code`) VALUES (78, '', 8, '51,54', 'L,猛男粉', 38.00, 58.00, 6.00, 69, 1.00, 1.00, '');

INSERT INTO `ls_goods_item`(`id`, `image`, `goods_id`, `spec_value_ids`, `spec_value_str`, `sell_price`, `lineation_price`, `cost_price`, `stock`, `volume`, `weight`, `bar_code`) VALUES (79, '', 8, '51,55', 'L,直男蓝', 38.00, 58.00, 6.00, 69, 1.00, 1.00, '');

INSERT INTO `ls_goods_item`(`id`, `image`, `goods_id`, `spec_value_ids`, `spec_value_str`, `sell_price`, `lineation_price`, `cost_price`, `stock`, `volume`, `weight`, `bar_code`) VALUES (80, '', 8, '51,56', 'L,熟男白', 38.00, 58.00, 6.00, 69, 1.00, 1.00, '');

INSERT INTO `ls_goods_item`(`id`, `image`, `goods_id`, `spec_value_ids`, `spec_value_str`, `sell_price`, `lineation_price`, `cost_price`, `stock`, `volume`, `weight`, `bar_code`) VALUES (81, '', 8, '52,54', 'XL,猛男粉', 38.00, 58.00, 6.00, 69, 1.00, 1.00, '');

INSERT INTO `ls_goods_item`(`id`, `image`, `goods_id`, `spec_value_ids`, `spec_value_str`, `sell_price`, `lineation_price`, `cost_price`, `stock`, `volume`, `weight`, `bar_code`) VALUES (82, '', 8, '52,55', 'XL,直男蓝', 38.00, 58.00, 6.00, 69, 1.00, 1.00, '');

INSERT INTO `ls_goods_item`(`id`, `image`, `goods_id`, `spec_value_ids`, `spec_value_str`, `sell_price`, `lineation_price`, `cost_price`, `stock`, `volume`, `weight`, `bar_code`) VALUES (83, '', 8, '52,56', 'XL,熟男白', 38.00, 58.00, 6.00, 69, 1.00, 1.00, '');

INSERT INTO `ls_goods_item`(`id`, `image`, `goods_id`, `spec_value_ids`, `spec_value_str`, `sell_price`, `lineation_price`, `cost_price`, `stock`, `volume`, `weight`, `bar_code`) VALUES (84, '', 8, '53,54', 'XXL,猛男粉', 38.00, 58.00, 6.00, 69, 1.00, 1.00, '');

INSERT INTO `ls_goods_item`(`id`, `image`, `goods_id`, `spec_value_ids`, `spec_value_str`, `sell_price`, `lineation_price`, `cost_price`, `stock`, `volume`, `weight`, `bar_code`) VALUES (85, '', 8, '53,55', 'XXL,直男蓝', 38.00, 58.00, 6.00, 69, 1.00, 1.00, '');

INSERT INTO `ls_goods_item`(`id`, `image`, `goods_id`, `spec_value_ids`, `spec_value_str`, `sell_price`, `lineation_price`, `cost_price`, `stock`, `volume`, `weight`, `bar_code`) VALUES (86, '', 8, '53,56', 'XXL,熟男白', 38.00, 58.00, 6.00, 69, 1.00, 1.00, '');

INSERT INTO `ls_goods_spec`(`id`, `goods_id`, `name`) VALUES (1, 1, '尺码');

INSERT INTO `ls_goods_spec`(`id`, `goods_id`, `name`) VALUES (2, 1, '颜色');

INSERT INTO `ls_goods_spec`(`id`, `goods_id`, `name`) VALUES (3, 2, '尺码');

INSERT INTO `ls_goods_spec`(`id`, `goods_id`, `name`) VALUES (4, 3, '尺码');

INSERT INTO `ls_goods_spec`(`id`, `goods_id`, `name`) VALUES (5, 3, '颜色');

INSERT INTO `ls_goods_spec`(`id`, `goods_id`, `name`) VALUES (6, 4, '尺码');

INSERT INTO `ls_goods_spec`(`id`, `goods_id`, `name`) VALUES (7, 4, '颜色');

INSERT INTO `ls_goods_spec`(`id`, `goods_id`, `name`) VALUES (8, 5, '鞋码');

INSERT INTO `ls_goods_spec`(`id`, `goods_id`, `name`) VALUES (9, 6, '鞋码');

INSERT INTO `ls_goods_spec`(`id`, `goods_id`, `name`) VALUES (10, 6, '颜色');

INSERT INTO `ls_goods_spec`(`id`, `goods_id`, `name`) VALUES (11, 7, '尺码');

INSERT INTO `ls_goods_spec`(`id`, `goods_id`, `name`) VALUES (12, 7, '颜色');

INSERT INTO `ls_goods_spec`(`id`, `goods_id`, `name`) VALUES (13, 8, '尺码');

INSERT INTO `ls_goods_spec`(`id`, `goods_id`, `name`) VALUES (14, 8, '颜色');

INSERT INTO `ls_goods_spec_value`(`id`, `goods_id`, `spec_id`, `value`) VALUES (1, 1, 1, 'S');

INSERT INTO `ls_goods_spec_value`(`id`, `goods_id`, `spec_id`, `value`) VALUES (2, 1, 1, 'M');

INSERT INTO `ls_goods_spec_value`(`id`, `goods_id`, `spec_id`, `value`) VALUES (3, 1, 1, 'L');

INSERT INTO `ls_goods_spec_value`(`id`, `goods_id`, `spec_id`, `value`) VALUES (4, 1, 1, 'XL');

INSERT INTO `ls_goods_spec_value`(`id`, `goods_id`, `spec_id`, `value`) VALUES (5, 1, 2, '葡萄红');

INSERT INTO `ls_goods_spec_value`(`id`, `goods_id`, `spec_id`, `value`) VALUES (6, 1, 2, '珍珠白');

INSERT INTO `ls_goods_spec_value`(`id`, `goods_id`, `spec_id`, `value`) VALUES (7, 2, 3, 'S');

INSERT INTO `ls_goods_spec_value`(`id`, `goods_id`, `spec_id`, `value`) VALUES (8, 2, 3, 'M');

INSERT INTO `ls_goods_spec_value`(`id`, `goods_id`, `spec_id`, `value`) VALUES (9, 2, 3, 'L');

INSERT INTO `ls_goods_spec_value`(`id`, `goods_id`, `spec_id`, `value`) VALUES (10, 2, 3, 'XL');

INSERT INTO `ls_goods_spec_value`(`id`, `goods_id`, `spec_id`, `value`) VALUES (11, 3, 4, 'S');

INSERT INTO `ls_goods_spec_value`(`id`, `goods_id`, `spec_id`, `value`) VALUES (12, 3, 4, 'M');

INSERT INTO `ls_goods_spec_value`(`id`, `goods_id`, `spec_id`, `value`) VALUES (13, 3, 4, 'L');

INSERT INTO `ls_goods_spec_value`(`id`, `goods_id`, `spec_id`, `value`) VALUES (14, 3, 4, 'XL');

INSERT INTO `ls_goods_spec_value`(`id`, `goods_id`, `spec_id`, `value`) VALUES (15, 3, 5, '灰色');

INSERT INTO `ls_goods_spec_value`(`id`, `goods_id`, `spec_id`, `value`) VALUES (16, 3, 5, '白色');

INSERT INTO `ls_goods_spec_value`(`id`, `goods_id`, `spec_id`, `value`) VALUES (17, 3, 5, '黑色');

INSERT INTO `ls_goods_spec_value`(`id`, `goods_id`, `spec_id`, `value`) VALUES (18, 4, 6, '均码');

INSERT INTO `ls_goods_spec_value`(`id`, `goods_id`, `spec_id`, `value`) VALUES (19, 4, 7, '珍珠白');

INSERT INTO `ls_goods_spec_value`(`id`, `goods_id`, `spec_id`, `value`) VALUES (20, 4, 7, '仙女绿');

INSERT INTO `ls_goods_spec_value`(`id`, `goods_id`, `spec_id`, `value`) VALUES (21, 5, 8, '35');

INSERT INTO `ls_goods_spec_value`(`id`, `goods_id`, `spec_id`, `value`) VALUES (22, 5, 8, '36');

INSERT INTO `ls_goods_spec_value`(`id`, `goods_id`, `spec_id`, `value`) VALUES (23, 5, 8, '36.5');

INSERT INTO `ls_goods_spec_value`(`id`, `goods_id`, `spec_id`, `value`) VALUES (24, 5, 8, '37');

INSERT INTO `ls_goods_spec_value`(`id`, `goods_id`, `spec_id`, `value`) VALUES (25, 5, 8, '37.5');

INSERT INTO `ls_goods_spec_value`(`id`, `goods_id`, `spec_id`, `value`) VALUES (26, 5, 8, '38');

INSERT INTO `ls_goods_spec_value`(`id`, `goods_id`, `spec_id`, `value`) VALUES (27, 5, 8, '39');

INSERT INTO `ls_goods_spec_value`(`id`, `goods_id`, `spec_id`, `value`) VALUES (28, 5, 8, '40');

INSERT INTO `ls_goods_spec_value`(`id`, `goods_id`, `spec_id`, `value`) VALUES (29, 5, 8, '41');

INSERT INTO `ls_goods_spec_value`(`id`, `goods_id`, `spec_id`, `value`) VALUES (30, 5, 8, '41.5');

INSERT INTO `ls_goods_spec_value`(`id`, `goods_id`, `spec_id`, `value`) VALUES (31, 5, 8, '42');

INSERT INTO `ls_goods_spec_value`(`id`, `goods_id`, `spec_id`, `value`) VALUES (32, 5, 8, '42.5');

INSERT INTO `ls_goods_spec_value`(`id`, `goods_id`, `spec_id`, `value`) VALUES (33, 6, 9, '35');

INSERT INTO `ls_goods_spec_value`(`id`, `goods_id`, `spec_id`, `value`) VALUES (34, 6, 9, '36');

INSERT INTO `ls_goods_spec_value`(`id`, `goods_id`, `spec_id`, `value`) VALUES (35, 6, 9, '37');

INSERT INTO `ls_goods_spec_value`(`id`, `goods_id`, `spec_id`, `value`) VALUES (36, 6, 9, '38');

INSERT INTO `ls_goods_spec_value`(`id`, `goods_id`, `spec_id`, `value`) VALUES (37, 6, 9, '39');

INSERT INTO `ls_goods_spec_value`(`id`, `goods_id`, `spec_id`, `value`) VALUES (38, 6, 9, '40');

INSERT INTO `ls_goods_spec_value`(`id`, `goods_id`, `spec_id`, `value`) VALUES (39, 6, 10, '白色');

INSERT INTO `ls_goods_spec_value`(`id`, `goods_id`, `spec_id`, `value`) VALUES (40, 6, 10, '黑色');

INSERT INTO `ls_goods_spec_value`(`id`, `goods_id`, `spec_id`, `value`) VALUES (41, 6, 10, '灰色');

INSERT INTO `ls_goods_spec_value`(`id`, `goods_id`, `spec_id`, `value`) VALUES (42, 6, 10, '米色');

INSERT INTO `ls_goods_spec_value`(`id`, `goods_id`, `spec_id`, `value`) VALUES (43, 7, 11, 'M');

INSERT INTO `ls_goods_spec_value`(`id`, `goods_id`, `spec_id`, `value`) VALUES (44, 7, 11, 'L');

INSERT INTO `ls_goods_spec_value`(`id`, `goods_id`, `spec_id`, `value`) VALUES (45, 7, 11, 'XL');

INSERT INTO `ls_goods_spec_value`(`id`, `goods_id`, `spec_id`, `value`) VALUES (46, 7, 12, '牛油果绿');

INSERT INTO `ls_goods_spec_value`(`id`, `goods_id`, `spec_id`, `value`) VALUES (47, 7, 12, '太空灰');

INSERT INTO `ls_goods_spec_value`(`id`, `goods_id`, `spec_id`, `value`) VALUES (48, 7, 12, '珍珠白');

INSERT INTO `ls_goods_spec_value`(`id`, `goods_id`, `spec_id`, `value`) VALUES (49, 8, 13, 'S');

INSERT INTO `ls_goods_spec_value`(`id`, `goods_id`, `spec_id`, `value`) VALUES (50, 8, 13, 'M');

INSERT INTO `ls_goods_spec_value`(`id`, `goods_id`, `spec_id`, `value`) VALUES (51, 8, 13, 'L');

INSERT INTO `ls_goods_spec_value`(`id`, `goods_id`, `spec_id`, `value`) VALUES (52, 8, 13, 'XL');

INSERT INTO `ls_goods_spec_value`(`id`, `goods_id`, `spec_id`, `value`) VALUES (53, 8, 13, 'XXL');

INSERT INTO `ls_goods_spec_value`(`id`, `goods_id`, `spec_id`, `value`) VALUES (54, 8, 14, '猛男粉');

INSERT INTO `ls_goods_spec_value`(`id`, `goods_id`, `spec_id`, `value`) VALUES (55, 8, 14, '直男蓝');

INSERT INTO `ls_goods_spec_value`(`id`, `goods_id`, `spec_id`, `value`) VALUES (56, 8, 14, '熟男白');

INSERT INTO `ls_goods_supplier`(`id`, `name`, `code`, `supplier_category_id`, `contact`, `mobile`, `landline`, `email`, `province_id`, `city_id`, `district_id`, `address`, `bank_account`, `bank`, `cardholder_name`, `tax_id`, `sort`, `create_time`, `update_time`, `delete_time`) VALUES (1, '周大发服装集团', 'M0001', 1, '周发发', '13800016000', '7777777', '666666@qq.com', 440000, 440100, 440106, '珠江帝景888号', '6212262012006156', '瑞士银行', '周发发', '960096', 255, 1631777448, 1631777653, NULL);

INSERT INTO `ls_goods_supplier`(`id`, `name`, `code`, `supplier_category_id`, `contact`, `mobile`, `landline`, `email`, `province_id`, `city_id`, `district_id`, `address`, `bank_account`, `bank`, `cardholder_name`, `tax_id`, `sort`, `create_time`, `update_time`, `delete_time`) VALUES (2, '星辰大海鞋子集团有限公司', 'M0002', 2, '王大发', '13000013000', '6666666', '777777@qq.com', 440000, 440100, 440106, '珠江帝景666号别墅', '6212262012006157', '瑞士银行', '王大发', '', 255, 1631777601, 1631777660, NULL);

INSERT INTO `ls_goods_supplier_category`(`id`, `name`, `sort`, `create_time`, `update_time`, `delete_time`) VALUES (1, '服装', 255, 1631777167, 1631777167, NULL);

INSERT INTO `ls_goods_supplier_category`(`id`, `name`, `sort`, `create_time`, `update_time`, `delete_time`) VALUES (2, '鞋子', 255, 1631777180, 1631777180, NULL);

INSERT INTO `ls_goods_unit`(`id`, `name`, `sort`, `create_time`, `update_time`, `delete_time`) VALUES (1, '件', 255, 1631777122, 1631777151, 1631777151);

INSERT INTO `ls_goods_unit`(`id`, `name`, `sort`, `create_time`, `update_time`, `delete_time`) VALUES (2, '个', 255, 1631777129, 1631777129, NULL);

INSERT INTO `ls_goods_unit`(`id`, `name`, `sort`, `create_time`, `update_time`, `delete_time`) VALUES (3, '台', 255, 1631777137, 1631777137, NULL);

INSERT INTO `ls_goods_unit`(`id`, `name`, `sort`, `create_time`, `update_time`, `delete_time`) VALUES (4, '包', 255, 1631777142, 1631777142, NULL);

INSERT INTO `ls_goods_unit`(`id`, `name`, `sort`, `create_time`, `update_time`, `delete_time`) VALUES (5, '只', 255, 1631777148, 1631777148, NULL);

INSERT INTO `ls_goods_unit`(`id`, `name`, `sort`, `create_time`, `update_time`, `delete_time`) VALUES (6, '件', 255, 1631777155, 1631777155, NULL);

INSERT INTO `ls_goods_unit`(`id`, `name`, `sort`, `create_time`, `update_time`, `delete_time`) VALUES (7, '双', 255, 1631780065, 1631780065, NULL);

SET FOREIGN_KEY_CHECKS = 1;